Workbook
Name startday: '1Q26 '!$L$2
Name startday: '2Q26'!$L$2
Name startday: 'Q1'!$L$2
Name valuevx: 42.314159

Sheet Q1
C1: Quarterly Calendar Template
C2: Year | D2: 2025 | G2: Start Month | H2: 1 | K2: Start Day | L2: 1 | M2: 1:Sun,2:Mon | P2: © 2015 Vertex42 LLC
P3: Quarterly Calendar
C5: 1Q Load Calendar
C7: Date: | D7: =DATE(D2,H2,1) -> 45658
A8: =D7 -> 45658 | C8: Sunday | E8: Monday | G8: Tuesday | I8: Wednesday | K8: Thursday | M8: Friday | O8: Saturday | R8: week
C9: =IF(WEEKDAY($D$7,1)=startday,$D$7,"") | D9: =IFERROR(INDEX(Events!$A:$A,MATCH(C9,Events!$G:$G,0)),"") | E9: =IF(C9="",IF(WEEKDAY($D$7,1)=MOD(startday,7)+1,$D$7,""),C9+1) | F9: =IFERROR(INDEX(Events!$A:$A,MATCH(E9,Events!$G:$G,0)),"") | G9: =IF(E9="",IF(WEEKDAY($D$7,1)=MOD(startday+1,7)+1,$D$7,""),E9+1) | H9: =IFERROR(INDEX(Events!$A:$A,MATCH(G9,Events!$G:$G,0)),"") | I9: =IF(G9="",IF(WEEKDAY($D$7,1)=MOD(startday+2,7)+1,$D$7,""),G9+1) -> 45658 | J9: =IFERROR(INDEX(Events!$A:$A,MATCH(I9,Events!$G:$G,0)),"") -> New Year's Day | K9: =IF(I9="",IF(WEEKDAY($D$7,1)=MOD(startday+3,7)+1,$D$7,""),I9+1) -> 45659 | L9: W1 | M9: =IF(K9="",IF(WEEKDAY($D$7,1)=MOD(startday+4,7)+1,$D$7,""),K9+1) -> 45660 | N9: W2 | O9: =IF(M9="",IF(WEEKDAY($D$7,1)=MOD(startday+5,7)+1,$D$7,""),M9+1) -> 45661 | P9: =IFERROR(INDEX(Events!$A:$A,MATCH(O9,Events!$G:$G,0)),"") | R9: week 1
C10: =IFERROR(INDEX(Events!$A:$A,MATCH(C9,Events!$H:$H,0)),"") | D10: =IFERROR(INDEX(Events!#REF!,MATCH(C10,Events!A:A,0)),"") | E10: =IFERROR(INDEX(Events!$A:$A,MATCH(E9,Events!$H:$H,0)),"") | F10: =IFERROR(INDEX(Events!#REF!,MATCH(E10,Events!C:C,0)),"") | G10: =IFERROR(INDEX(Events!$A:$A,MATCH(G9,Events!$H:$H,0)),"") | H10: =IFERROR(INDEX(Events!#REF!,MATCH(G10,Events!E:E,0)),"") | I10: =IFERROR(INDEX(Events!$A:$A,MATCH(I9,Events!$H:$H,0)),"") | J10: =IFERROR(INDEX(Events!A:A,MATCH(I10,Events!G:G,0)),"") | K10: Final Load | L10: =IFERROR(INDEX(Events!C:C,MATCH(K10,Events!I:I,0)),"") | M10: WW courtesy run | O10: =IFERROR(INDEX(Events!$A:$A,MATCH(O9,Events!$H:$H,0)),"") | P10: =IFERROR(INDEX(Events!G:G,MATCH(O10,Events!K:K,0)),"")
C11: =IFERROR(INDEX(Events!$A:$A,MATCH(C9,Events!$I:$I,0)),"") | E11: =IFERROR(INDEX(Events!$A:$A,MATCH(E9,Events!$I:$I,0)),"") | G11: =IFERROR(INDEX(Events!$A:$A,MATCH(G9,Events!$I:$I,0)),"") | I11: =IFERROR(INDEX(Events!$A:$A,MATCH(I9,Events!$I:$I,0)),"") | M11: =IFERROR(INDEX(Events!$A:$A,MATCH(M9,Events!$I:$I,0)),"") | O11: =IFERROR(INDEX(Events!$A:$A,MATCH(O9,Events!$I:$I,0)),"")
C12: =IFERROR(INDEX(Events!$A:$A,MATCH(C9,Events!$J:$J,0)),"") | E12: =IFERROR(INDEX(Events!$A:$A,MATCH(E9,Events!$J:$J,0)),"") | G12: =IFERROR(INDEX(Events!$A:$A,MATCH(G9,Events!$J:$J,0)),"") | I12: =IFERROR(INDEX(Events!$A:$A,MATCH(I9,Events!$J:$J,0)),"") | K12: Blackout | M12: =IFERROR(INDEX(Events!$A:$A,MATCH(M9,Events!$J:$J,0)),"") | O12: =IFERROR(INDEX(Events!$A:$A,MATCH(O9,Events!$J:$J,0)),"")
C13: =IF(O9="","",IF(MONTH(O9+1)<>MONTH(O9),"",O9+1)) -> 45662 | D13: =IFERROR(INDEX(Events!$A:$A,MATCH(C13,Events!$G:$G,0)),"") | E13: =IF(C13="","",IF(MONTH(C13+1)<>MONTH(C13),"",C13+1)) -> 45663 | F13: W2+ | G13: =IF(E13="","",IF(MONTH(E13+1)<>MONTH(E13),"",E13+1)) -> 45664 | H13: W3 | I13: =IF(G13="","",IF(MONTH(G13+1)<>MONTH(G13),"",G13+1)) -> 45665 | J13: W4 | K13: =IF(I13="","",IF(MONTH(I13+1)<>MONTH(I13),"",I13+1)) -> 45666 | L13: W5 | M13: =IF(K13="","",IF(MONTH(K13+1)<>MONTH(K13),"",K13+1)) -> 45667 | N13: W6 | O13: =IF(M13="","",IF(MONTH(M13+1)<>MONTH(M13),"",M13+1)) -> 45668 | P13: W7 | R13: week 2
C14: =IFERROR(INDEX(Events!$A:$A,MATCH(C13,Events!$H:$H,0)),"") | D14: =IFERROR(INDEX(Events!#REF!,MATCH(C14,Events!A:A,0)),"") | E14: =IFERROR(INDEX(Events!$A:$A,MATCH(E13,Events!$H:$H,0)),"") | F14: =IFERROR(INDEX(Events!#REF!,MATCH(E14,Events!C:C,0)),"") | G14: =IFERROR(INDEX(Events!$A:$A,MATCH(G13,Events!$H:$H,0)),"") | H14: =IFERROR(INDEX(Events!#REF!,MATCH(G14,Events!E:E,0)),"") | I14: =IFERROR(INDEX(Events!$A:$A,MATCH(I13,Events!$H:$H,0)),"") | J14: =IFERROR(INDEX(Events!A:A,MATCH(I14,Events!G:G,0)),"") | K14: Roll to next qtr | L14: =IFERROR(INDEX(Events!C:C,MATCH(K14,Events!I:I,0)),"") | M14: GTN update | N14: =IFERROR(INDEX(Events!E:E,MATCH(M14,Events!#REF!,0)),"") | O14: =IFERROR(INDEX(Events!$A:$A,MATCH(O13,Events!$H:$H,0)),"") | P14: =IFERROR(INDEX(Events!G:G,MATCH(O14,Events!K:K,0)),"")
C15: =IFERROR(INDEX(Events!$A:$A,MATCH(C13,Events!$I:$I,0)),"") | E15: =IFERROR(INDEX(Events!$A:$A,MATCH(E13,Events!$I:$I,0)),"") | G15: =IFERROR(INDEX(Events!$A:$A,MATCH(G13,Events!$I:$I,0)),"") | I15: =IFERROR(INDEX(Events!$A:$A,MATCH(I13,Events!$I:$I,0)),"") | K15: AUR valuation | M15: =IFERROR(INDEX(Events!$A:$A,MATCH(M13,Events!$I:$I,0)),"") | O15: =IFERROR(INDEX(Events!$A:$A,MATCH(O13,Events!$I:$I,0)),"")
C16: =IFERROR(INDEX(Events!$A:$A,MATCH(C13,Events!$J:$J,0)),"") | E16: =IFERROR(INDEX(Events!$A:$A,MATCH(E13,Events!$J:$J,0)),"") | G16: =IFERROR(INDEX(Events!$A:$A,MATCH(G13,Events!$J:$J,0)),"") | I16: =IFERROR(INDEX(Events!$A:$A,MATCH(I13,Events!$J:$J,0)),"") | K16: =IFERROR(INDEX(Events!$A:$A,MATCH(K13,Events!$J:$J,0)),"") | M16: Daily Load report | O16: =IFERROR(INDEX(Events!$A:$A,MATCH(O13,Events!$J:$J,0)),"")
C17: =IF(O13="","",IF(MONTH(O13+1)<>MONTH(O13),"",O13+1)) -> 45669 | D17: =IFERROR(INDEX(Events!$A:$A,MATCH(C17,Events!$G:$G,0)),"") | E17: =IF(C17="","",IF(MONTH(C17+1)<>MONTH(C17),"",C17+1)) -> 45670 | F17: W8 | G17: =IF(E17="","",IF(MONTH(E17+1)<>MONTH(E17),"",E17+1)) -> 45671 | H17: W9 | I17: =IF(G17="","",IF(MONTH(G17+1)<>MONTH(G17),"",G17+1)) -> 45672 | J17: W10 | K17: =IF(I17="","",IF(MONTH(I17+1)<>MONTH(I17),"",I17+1)) -> 45673 | L17: W11 | M17: =IF(K17="","",IF(MONTH(K17+1)<>MONTH(K17),"",K17+1)) -> 45674 | N17: W12 | O17: =IF(M17="","",IF(MONTH(M17+1)<>MONTH(M17),"",M17+1)) -> 45675 | P17: =IFERROR(INDEX(Events!$A:$A,MATCH(O17,Events!$G:$G,0)),"") | R17: week 3
C18: =IFERROR(INDEX(Events!$A:$A,MATCH(C17,Events!$H:$H,0)),"") | D18: =IFERROR(INDEX(Events!#REF!,MATCH(C18,Events!A:A,0)),"") | E18: =IFERROR(INDEX(Events!$A:$A,MATCH(E17,Events!$H:$H,0)),"") | F18: =IFERROR(INDEX(Events!#REF!,MATCH(E18,Events!C:C,0)),"") | G18: =IFERROR(INDEX(Events!$A:$A,MATCH(G17,Events!$H:$H,0)),"") | H18: =IFERROR(INDEX(Events!#REF!,MATCH(G18,Events!E:E,0)),"") | I18: =IFERROR(INDEX(Events!$A:$A,MATCH(I17,Events!$H:$H,0)),"") | J18: =IFERROR(INDEX(Events!A:A,MATCH(I18,Events!G:G,0)),"") | K18: =IFERROR(INDEX(Events!$A:$A,MATCH(K17,Events!$H:$H,0)),"") | L18: =IFERROR(INDEX(Events!C:C,MATCH(K18,Events!I:I,0)),"") | M18: =IFERROR(INDEX(Events!$A:$A,MATCH(M17,Events!$H:$H,0)),"") | N18: =IFERROR(INDEX(Events!E:E,MATCH(M18,Events!#REF!,0)),"") | O18: =IFERROR(INDEX(Events!$A:$A,MATCH(O17,Events!$H:$H,0)),"") | P18: =IFERROR(INDEX(Events!G:G,MATCH(O18,Events!K:K,0)),"")
C19: =IFERROR(INDEX(Events!$A:$A,MATCH(C17,Events!$I:$I,0)),"") | E19: EPM Dashboard | G19: =IFERROR(INDEX(Events!$A:$A,MATCH(G17,Events!$I:$I,0)),"") | I19: =IFERROR(INDEX(Events!$A:$A,MATCH(I17,Events!$I:$I,0)),"") | K19: =IFERROR(INDEX(Events!$A:$A,MATCH(K17,Events!$I:$I,0)),"") | M19: =IFERROR(INDEX(Events!$A:$A,MATCH(M17,Events!$I:$I,0)),"") | O19: =IFERROR(INDEX(Events!$A:$A,MATCH(O17,Events!$I:$I,0)),"")
C20: =IFERROR(INDEX(Events!$A:$A,MATCH(C17,Events!$J:$J,0)),"") | E20: Daily Load report | G20: Daily Load report | I20: Daily Load report | K20: Daily Load report | M20: Daily Load report | O20: =IFERROR(INDEX(Events!$A:$A,MATCH(O17,Events!$J:$J,0)),"")
C21: =IF(O17="","",IF(MONTH(O17+1)<>MONTH(O17),"",O17+1)) -> 45676 | D21: =IFERROR(INDEX(Events!$A:$A,MATCH(C21,Events!$G:$G,0)),"") | E21: =IF(C21="","",IF(MONTH(C21+1)<>MONTH(C21),"",C21+1)) -> 45677 | F21: =IFERROR(INDEX(Events!$A:$A,MATCH(E21,Events!$G:$G,0)),"") -> ML King Day | G21: =IF(E21="","",IF(MONTH(E21+1)<>MONTH(E21),"",E21+1)) -> 45678 | H21: =IFERROR(INDEX(Events!$A:$A,MATCH(G21,Events!$G:$G,0)),"") | I21: =IF(G21="","",IF(MONTH(G21+1)<>MONTH(G21),"",G21+1)) -> 45679 | J21: =IFERROR(INDEX(Events!$A:$A,MATCH(I21,Events!$G:$G,0)),"") | K21: =IF(I21="","",IF(MONTH(I21+1)<>MONTH(I21),"",I21+1)) -> 45680 | L21: =IFERROR(INDEX(Events!$A:$A,MATCH(K21,Events!$G:$G,0)),"") | M21: =IF(K21="","",IF(MONTH(K21+1)<>MONTH(K21),"",K21+1)) -> 45681 | N21: =IFERROR(INDEX(Events!$A:$A,MATCH(M21,Events!$G:$G,0)),"") | O21: =IF(M21="","",IF(MONTH(M21+1)<>MONTH(M21),"",M21+1)) -> 45682 | P21: =IFERROR(INDEX(Events!$A:$A,MATCH(O21,Events!$G:$G,0)),"") | R21: week 4
C22: =IFERROR(INDEX(Events!$A:$A,MATCH(C21,Events!$H:$H,0)),"") | D22: =IFERROR(INDEX(Events!#REF!,MATCH(C22,Events!A:A,0)),"") | E22: =IFERROR(INDEX(Events!$A:$A,MATCH(E21,Events!$H:$H,0)),"") | F22: =IFERROR(INDEX(Events!#REF!,MATCH(E22,Events!C:C,0)),"") | G22: =IFERROR(INDEX(Events!$A:$A,MATCH(G21,Events!$H:$H,0)),"") | H22: =IFERROR(INDEX(Events!#REF!,MATCH(G22,Events!E:E,0)),"") | I22: =IFERROR(INDEX(Events!$A:$A,MATCH(I21,Events!$H:$H,0)),"") | J22: =IFERROR(INDEX(Events!A:A,MATCH(I22,Events!G:G,0)),"") | K22: =IFERROR(INDEX(Events!$A:$A,MATCH(K21,Events!$H:$H,0)),"") | L22: =IFERROR(INDEX(Events!C:C,MATCH(K22,Events!I:I,0)),"") | M22: =IFERROR(INDEX(Events!$A:$A,MATCH(M21,Events!$H:$H,0)),"") | N22: =IFERROR(INDEX(Events!E:E,MATCH(M22,Events!#REF!,0)),"") | O22: =IFERROR(INDEX(Events!$A:$A,MATCH(O21,Events!$H:$H,0)),"") | P22: =IFERROR(INDEX(Events!G:G,MATCH(O22,Events!K:K,0)),"")
C23: =IFERROR(INDEX(Events!$A:$A,MATCH(C21,Events!$I:$I,0)),"") | E23: EPM Dashboard | G23: =IFERROR(INDEX(Events!$A:$A,MATCH(G21,Events!$I:$I,0)),"") | I23: =IFERROR(INDEX(Events!$A:$A,MATCH(I21,Events!$I:$I,0)),"") | K23: =IFERROR(INDEX(Events!$A:$A,MATCH(K21,Events!$I:$I,0)),"") | M23: =IFERROR(INDEX(Events!$A:$A,MATCH(M21,Events!$I:$I,0)),"") | O23: =IFERROR(INDEX(Events!$A:$A,MATCH(O21,Events!$I:$I,0)),"")
C24: =IFERROR(INDEX(Events!$A:$A,MATCH(C21,Events!$J:$J,0)),"") | E24: Daily Load report | G24: Daily Load report | I24: Daily Load report | K24: Daily Load report | M24: Daily Load report | O24: =IFERROR(INDEX(Events!$A:$A,MATCH(O21,Events!$J:$J,0)),"")
C25: =IF(O21="","",IF(MONTH(O21+1)<>MONTH(O21),"",O21+1)) -> 45683 | D25: =IFERROR(INDEX(Events!$A:$A,MATCH(C25,Events!$G:$G,0)),"") | E25: =IF(C25="","",IF(MONTH(C25+1)<>MONTH(C25),"",C25+1)) -> 45684 | F25: =IFERROR(INDEX(Events!$A:$A,MATCH(E25,Events!$G:$G,0)),"") | G25: =IF(E25="","",IF(MONTH(E25+1)<>MONTH(E25),"",E25+1)) -> 45685 | H25: =IFERROR(INDEX(Events!$A:$A,MATCH(G25,Events!$G:$G,0)),"") | I25: =IF(G25="","",IF(MONTH(G25+1)<>MONTH(G25),"",G25+1)) -> 45686 | J25: =IFERROR(INDEX(Events!$A:$A,MATCH(I25,Events!$G:$G,0)),"") -> Chinese New Year | K25: =IF(I25="","",IF(MONTH(I25+1)<>MONTH(I25),"",I25+1)) -> 45687 | L25: DTG2 | M25: =IF(K25="","",IF(MONTH(K25+1)<>MONTH(K25),"",K25+1)) -> 45688 | N25: DTG1 | O25: =IF(M25="","",IF(MONTH(M25+1)<>MONTH(M25),"",M25+1)) | P25: =IFERROR(INDEX(Events!$A:$A,MATCH(O25,Events!$G:$G,0)),"") | R25: week 5
C26: =IFERROR(INDEX(Events!$A:$A,MATCH(C25,Events!$H:$H,0)),"") | D26: =IFERROR(INDEX(Events!#REF!,MATCH(C26,Events!A:A,0)),"") | E26: =IFERROR(INDEX(Events!$A:$A,MATCH(E25,Events!$H:$H,0)),"") | F26: =IFERROR(INDEX(Events!#REF!,MATCH(E26,Events!C:C,0)),"") | G26: =IFERROR(INDEX(Events!$A:$A,MATCH(G25,Events!$H:$H,0)),"") | H26: =IFERROR(INDEX(Events!#REF!,MATCH(G26,Events!E:E,0)),"") | I26: PRELIM EARNINGS | J26: =IFERROR(INDEX(Events!A:A,MATCH(I26,Events!G:G,0)),"") | K26: =IFERROR(INDEX(Events!$A:$A,MATCH(K25,Events!$H:$H,0)),"") | L26: =IFERROR(INDEX(Events!C:C,MATCH(K26,Events!I:I,0)),"") | M26: =IFERROR(INDEX(Events!$A:$A,MATCH(M25,Events!$H:$H,0)),"") | N26: =IFERROR(INDEX(Events!E:E,MATCH(M26,Events!#REF!,0)),"") | O26: =IFERROR(INDEX(Events!$A:$A,MATCH(O25,Events!$H:$H,0)),"") | P26: =IFERROR(INDEX(Events!G:G,MATCH(O26,Events!K:K,0)),"")
C27: =IFERROR(INDEX(Events!$A:$A,MATCH(C25,Events!$I:$I,0)),"") | E27: EPM Dashboard | G27: =IFERROR(INDEX(Events!$A:$A,MATCH(G25,Events!$I:$I,0)),"") | I27: =IFERROR(INDEX(Events!$A:$A,MATCH(I25,Events!$I:$I,0)),"") | K27: EPM Dashboard | M27: EPM Dashboard | O27: =IFERROR(INDEX(Events!$A:$A,MATCH(O25,Events!$I:$I,0)),"")
C28: =IFERROR(INDEX(Events!$A:$A,MATCH(C25,Events!$J:$J,0)),"") | E28: Daily Load report | G28: Daily Load report | I28: Daily Load report | K28: Daily Load report | M28: Daily Load report | O28: =IFERROR(INDEX(Events!$A:$A,MATCH(O25,Events!$J:$J,0)),"")
C29: =IF(O25="","",IF(MONTH(O25+1)<>MONTH(O25),"",O25+1)) | D29: =IFERROR(INDEX(Events!$A:$A,MATCH(C29,Events!$G:$G,0)),"") | E29: =IF(C29="","",IF(MONTH(C29+1)<>MONTH(C29),"",C29+1)) | F29: =IFERROR(INDEX(Events!$A:$A,MATCH(E29,Events!$G:$G,0)),"")
C30: =IFERROR(INDEX(Events!$A:$A,MATCH(C29,Events!$H:$H,0)),"") | D30: =IFERROR(INDEX(Events!#REF!,MATCH(C30,Events!A:A,0)),"") | E30: =IFERROR(INDEX(Events!$A:$A,MATCH(E29,Events!$H:$H,0)),"") | F30: =IFERROR(INDEX(Events!#REF!,MATCH(E30,Events!C:C,0)),"")
C31: =IFERROR(INDEX(Events!$A:$A,MATCH(C29,Events!$I:$I,0)),"") | E31: =IFERROR(INDEX(Events!$A:$A,MATCH(E29,Events!$I:$I,0)),"")
C32: =IFERROR(INDEX(Events!$A:$A,MATCH(C29,Events!$J:$J,0)),"")
C34: Date: | D34: =DATE(YEAR('Q1'!$D$7),MONTH('Q1'!$D$7)+1,1) -> 45689
A35: =D34 -> 45689 | C35: Sunday | E35: Monday | G35: Tuesday | I35: Wednesday | K35: Thursday | M35: Friday | O35: Saturday | R35: week
C36: =IF(WEEKDAY($D$34,1)=startday,$D$34,"") | D36: =IFERROR(INDEX(Events!$A:$A,MATCH(C36,Events!$G:$G,0)),"") | E36: =IF(C36="",IF(WEEKDAY($D$34,1)=MOD(startday,7)+1,$D$34,""),C36+1) | F36: =IFERROR(INDEX(Events!$A:$A,MATCH(E36,Events!$G:$G,0)),"") | G36: =IF(E36="",IF(WEEKDAY($D$34,1)=MOD(startday+1,7)+1,$D$34,""),E36+1) | H36: =IFERROR(INDEX(Events!$A:$A,MATCH(G36,Events!$G:$G,0)),"") | I36: =IF(G36="",IF(WEEKDAY($D$34,1)=MOD(startday+2,7)+1,$D$34,""),G36+1) | J36: =IFERROR(INDEX(Events!$A:$A,MATCH(I36,Events!$G:$G,0)),"") | K36: =IF(I36="",IF(WEEKDAY($D$34,1)=MOD(startday+3,7)+1,$D$34,""),I36+1) | L36: =IFERROR(INDEX(Events!$A:$A,MATCH(K36,Events!$G:$G,0)),"") | M36: =IF(K36="",IF(WEEKDAY($D$34,1)=MOD(startday+4,7)+1,$D$34,""),K36+1) | N36: =IFERROR(INDEX(Events!$A:$A,MATCH(M36,Events!$G:$G,0)),"") | O36: =IF(M36="",IF(WEEKDAY($D$34,1)=MOD(startday+5,7)+1,$D$34,""),M36+1) -> 45689 | P36: =IFERROR(INDEX(Events!$A:$A,MATCH(O36,Events!$G:$G,0)),"") | R36: week 5 (cont)
C37: =IFERROR(INDEX(Events!$A:$A,MATCH(C36,Events!$H:$H,0)),"") | E37: =IFERROR(INDEX(Events!$A:$A,MATCH(E36,Events!$H:$H,0)),"") | G37: =IFERROR(INDEX(Events!$A:$A,MATCH(G36,Events!$H:$H,0)),"") | I37: =IFERROR(INDEX(Events!$A:$A,MATCH(I36,Events!$H:$H,0)),"") | K37: =IFERROR(INDEX(Events!$A:$A,MATCH(K36,Events!$H:$H,0)),"") | M37: =IFERROR(INDEX(Events!$A:$A,MATCH(M36,Events!$H:$H,0)),"") | O37: =IFERROR(INDEX(Events!$A:$A,MATCH(O36,Events!$H:$H,0)),"")
C38: =IFERROR(INDEX(Events!$A:$A,MATCH(C36,Events!$I:$I,0)),"") | E38: =IFERROR(INDEX(Events!$A:$A,MATCH(E36,Events!$I:$I,0)),"") | G38: =IFERROR(INDEX(Events!$A:$A,MATCH(G36,Events!$I:$I,0)),"") | I38: =IFERROR(INDEX(Events!$A:$A,MATCH(I36,Events!$I:$I,0)),"") | K38: =IFERROR(INDEX(Events!$A:$A,MATCH(K36,Events!$I:$I,0)),"") | M38: =IFERROR(INDEX(Events!$A:$A,MATCH(M36,Events!$I:$I,0)),"") | O38: =IFERROR(INDEX(Events!$A:$A,MATCH(O36,Events!$I:$I,0)),"")
C39: =IFERROR(INDEX(Events!$A:$A,MATCH(C36,Events!$J:$J,0)),"") | E39: =IFERROR(INDEX(Events!$A:$A,MATCH(E36,Events!$J:$J,0)),"") | G39: =IFERROR(INDEX(Events!$A:$A,MATCH(G36,Events!$J:$J,0)),"") | I39: =IFERROR(INDEX(Events!$A:$A,MATCH(I36,Events!$J:$J,0)),"") | K39: =IFERROR(INDEX(Events!$A:$A,MATCH(K36,Events!$J:$J,0)),"") | M39: =IFERROR(INDEX(Events!$A:$A,MATCH(M36,Events!$J:$J,0)),"") | O39: Daily Load report
C40: =IF(O36="","",IF(MONTH(O36+1)<>MONTH(O36),"",O36+1)) -> 45690 | D40: =IFERROR(INDEX(Events!$A:$A,MATCH(C40,Events!$G:$G,0)),"") -> Groundhog Day | E40: =IF(C40="","",IF(MONTH(C40+1)<>MONTH(C40),"",C40+1)) -> 45691 | F40: W1 | G40: =IF(E40="","",IF(MONTH(E40+1)<>MONTH(E40),"",E40+1)) -> 45692 | H40: W2 | I40: =IF(G40="","",IF(MONTH(G40+1)<>MONTH(G40),"",G40+1)) -> 45693 | J40: W3 | K40: =IF(I40="","",IF(MONTH(I40+1)<>MONTH(I40),"",I40+1)) -> 45694 | L40: W4 | M40: =IF(K40="","",IF(MONTH(K40+1)<>MONTH(K40),"",K40+1)) -> 45695 | N40: W5 | O40: =IF(M40="","",IF(MONTH(M40+1)<>MONTH(M40),"",M40+1)) -> 45696 | P40: =IFERROR(INDEX(Events!$A:$A,MATCH(O40,Events!$G:$G,0)),"") | R40: week 6
C41: =IFERROR(INDEX(Events!$A:$A,MATCH(C40,Events!$H:$H,0)),"") | E41: January Final | G41: Roll to next mth | H41: =IFERROR(INDEX(Events!#REF!,MATCH(G41,Events!E:E,0)),"") | I41: =IFERROR(INDEX(Events!$A:$A,MATCH(I40,Events!$H:$H,0)),"") | K41: =IFERROR(INDEX(Events!$A:$A,MATCH(K40,Events!$H:$H,0)),"") | M41: GTN update | N41: =IFERROR(INDEX(Events!E:E,MATCH(M41,Events!#REF!,0)),"") | O41: =IFERROR(INDEX(Events!$A:$A,MATCH(O40,Events!$H:$H,0)),"")
C42: =IFERROR(INDEX(Events!$A:$A,MATCH(C40,Events!$I:$I,0)),"") | E42: EPM Dashboard | G42: =IFERROR(INDEX(Events!$A:$A,MATCH(G40,Events!$I:$I,0)),"") | I42: =IFERROR(INDEX(Events!$A:$A,MATCH(I40,Events!$I:$I,0)),"") | K42: =IFERROR(INDEX(Events!$A:$A,MATCH(K40,Events!$I:$I,0)),"") | M42: =IFERROR(INDEX(Events!$A:$A,MATCH(M40,Events!$I:$I,0)),"") | O42: =IFERROR(INDEX(Events!$A:$A,MATCH(O40,Events!$I:$I,0)),"")
C43: =IFERROR(INDEX(Events!$A:$A,MATCH(C40,Events!$J:$J,0)),"") | E43: Daily Load report | G43: Daily Load report | I43: Daily Load report | K43: Daily Load report | M43: Daily Load report | O43: =IFERROR(INDEX(Events!$A:$A,MATCH(O40,Events!$J:$J,0)),"")
C44: =IF(O40="","",IF(MONTH(O40+1)<>MONTH(O40),"",O40+1)) -> 45697 | D44: =IFERROR(INDEX(Events!$A:$A,MATCH(C44,Events!$G:$G,0)),"") | E44: =IF(C44="","",IF(MONTH(C44+1)<>MONTH(C44),"",C44+1)) -> 45698 | F44: W6 | G44: =IF(E44="","",IF(MONTH(E44+1)<>MONTH(E44),"",E44+1)) -> 45699 | H44: W7 | I44: =IF(G44="","",IF(MONTH(G44+1)<>MONTH(G44),"",G44+1)) -> 45700 | J44: W8 | K44: =IF(I44="","",IF(MONTH(I44+1)<>MONTH(I44),"",I44+1)) -> 45701 | L44: W9 | M44: =IF(K44="","",IF(MONTH(K44+1)<>MONTH(K44),"",K44+1)) -> 45702 | N44: W10 | O44: =IF(M44="","",IF(MONTH(M44+1)<>MONTH(M44),"",M44+1)) -> 45703 | P44: =IFERROR(INDEX(Events!$A:$A,MATCH(O44,Events!$G:$G,0)),"") | R44: week 7
C45: =IFERROR(INDEX(Events!$A:$A,MATCH(C44,Events!$H:$H,0)),"") | E45: =IFERROR(INDEX(Events!$A:$A,MATCH(E44,Events!$H:$H,0)),"") | G45: =IFERROR(INDEX(Events!$A:$A,MATCH(G44,Events!$H:$H,0)),"") | I45: L2L Alignment | J45: =IFERROR(INDEX(Events!A:A,MATCH(I45,Events!#REF!,0)),"") | K45: =IFERROR(INDEX(Events!$A:$A,MATCH(K44,Events!$H:$H,0)),"") | M45: =IFERROR(INDEX(Events!$A:$A,MATCH(M44,Events!$H:$H,0)),"") | O45: =IFERROR(INDEX(Events!$A:$A,MATCH(O44,Events!$H:$H,0)),"")
C46: =IFERROR(INDEX(Events!$A:$A,MATCH(C44,Events!$I:$I,0)),"") | E46: EPM Dashboard | G46: =IFERROR(INDEX(Events!$A:$A,MATCH(G44,Events!$I:$I,0)),"") | I46: =IFERROR(INDEX(Events!$A:$A,MATCH(I44,Events!$I:$I,0)),"") | K46: =IFERROR(INDEX(Events!$A:$A,MATCH(K44,Events!$I:$I,0)),"") | M46: =IFERROR(INDEX(Events!$A:$A,MATCH(M44,Events!$I:$I,0)),"") | O46: =IFERROR(INDEX(Events!$A:$A,MATCH(O44,Events!$I:$I,0)),"")
C47: =IFERROR(INDEX(Events!$A:$A,MATCH(C44,Events!$J:$J,0)),"") | E47: Daily Load report | G47: Daily Load report | I47: Daily Load report | K47: Daily Load report | M47: Daily Load report | O47: =IFERROR(INDEX(Events!$A:$A,MATCH(O44,Events!$J:$J,0)),"")
C48: =IF(O44="","",IF(MONTH(O44+1)<>MONTH(O44),"",O44+1)) -> 45704 | D48: =IFERROR(INDEX(Events!$A:$A,MATCH(C48,Events!$G:$G,0)),"") | E48: =IF(C48="","",IF(MONTH(C48+1)<>MONTH(C48),"",C48+1)) -> 45705 | F48: =IFERROR(INDEX(Events!$A:$A,MATCH(E48,Events!$G:$G,0)),"") -> Presidents' Day | G48: =IF(E48="","",IF(MONTH(E48+1)<>MONTH(E48),"",E48+1)) -> 45706 | H48: =IFERROR(INDEX(Events!$A:$A,MATCH(G48,Events!$G:$G,0)),"") | I48: =IF(G48="","",IF(MONTH(G48+1)<>MONTH(G48),"",G48+1)) -> 45707 | J48: =IFERROR(INDEX(Events!$A:$A,MATCH(I48,Events!$G:$G,0)),"") | K48: =IF(I48="","",IF(MONTH(I48+1)<>MONTH(I48),"",I48+1)) -> 45708 | L48: =IFERROR(INDEX(Events!$A:$A,MATCH(K48,Events!$G:$G,0)),"") | M48: =IF(K48="","",IF(MONTH(K48+1)<>MONTH(K48),"",K48+1)) -> 45709 | N48: =IFERROR(INDEX(Events!$A:$A,MATCH(M48,Events!$G:$G,0)),"") | O48: =IF(M48="","",IF(MONTH(M48+1)<>MONTH(M48),"",M48+1)) -> 45710 | P48: =IFERROR(INDEX(Events!$A:$A,MATCH(O48,Events!$G:$G,0)),"") | R48: week 8
C49: =IFERROR(INDEX(Events!$A:$A,MATCH(C48,Events!$H:$H,0)),"") | E49: =IFERROR(INDEX(Events!$A:$A,MATCH(E48,Events!$H:$H,0)),"") | G49: =IFERROR(INDEX(Events!$A:$A,MATCH(G48,Events!$H:$H,0)),"") | I49: =IFERROR(INDEX(Events!$A:$A,MATCH(I48,Events!$H:$H,0)),"") | K49: =IFERROR(INDEX(Events!$A:$A,MATCH(K48,Events!$H:$H,0)),"") | M49: =IFERROR(INDEX(Events!$A:$A,MATCH(M48,Events!$H:$H,0)),"") | O49: =IFERROR(INDEX(Events!$A:$A,MATCH(O48,Events!$H:$H,0)),"")
C50: =IFERROR(INDEX(Events!$A:$A,MATCH(C48,Events!$I:$I,0)),"") | E50: EPM Dashboard | G50: =IFERROR(INDEX(Events!$A:$A,MATCH(G48,Events!$I:$I,0)),"") | I50: =IFERROR(INDEX(Events!$A:$A,MATCH(I48,Events!$I:$I,0)),"") | K50: =IFERROR(INDEX(Events!$A:$A,MATCH(K48,Events!$I:$I,0)),"") | M50: =IFERROR(INDEX(Events!$A:$A,MATCH(M48,Events!$I:$I,0)),"") | O50: =IFERROR(INDEX(Events!$A:$A,MATCH(O48,Events!$I:$I,0)),"")
C51: =IFERROR(INDEX(Events!$A:$A,MATCH(C48,Events!$J:$J,0)),"") | E51: Daily Load report | G51: Daily Load report | I51: Daily Load report | K51: Daily Load report | M51: Daily Load report | O51: =IFERROR(INDEX(Events!$A:$A,MATCH(O48,Events!$J:$J,0)),"")
C52: =IF(O48="","",IF(MONTH(O48+1)<>MONTH(O48),"",O48+1)) -> 45711 | D52: =IFERROR(INDEX(Events!$A:$A,MATCH(C52,Events!$G:$G,0)),"") | E52: =IF(C52="","",IF(MONTH(C52+1)<>MONTH(C52),"",C52+1)) -> 45712 | F52: =IFERROR(INDEX(Events!$A:$A,MATCH(E52,Events!$G:$G,0)),"") | G52: =IF(E52="","",IF(MONTH(E52+1)<>MONTH(E52),"",E52+1)) -> 45713 | H52: =IFERROR(INDEX(Events!$A:$A,MATCH(G52,Events!$G:$G,0)),"") | I52: =IF(G52="","",IF(MONTH(G52+1)<>MONTH(G52),"",G52+1)) -> 45714 | J52: =IFERROR(INDEX(Events!$A:$A,MATCH(I52,Events!$G:$G,0)),"") | K52: =IF(I52="","",IF(MONTH(I52+1)<>MONTH(I52),"",I52+1)) -> 45715 | L52: DTG2 | M52: =IF(K52="","",IF(MONTH(K52+1)<>MONTH(K52),"",K52+1)) -> 45716 | N52: DTG1 | O52: =IF(M52="","",IF(MONTH(M52+1)<>MONTH(M52),"",M52+1)) | P52: =IFERROR(INDEX(Events!$A:$A,MATCH(O52,Events!$G:$G,0)),"") | R52: week 9
C53: =IFERROR(INDEX(Events!$A:$A,MATCH(C52,Events!$H:$H,0)),"") | E53: =IFERROR(INDEX(Events!$A:$A,MATCH(E52,Events!$H:$H,0)),"") | G53: =IFERROR(INDEX(Events!$A:$A,MATCH(G52,Events!$H:$H,0)),"") | I53: =IFERROR(INDEX(Events!$A:$A,MATCH(I52,Events!$H:$H,0)),"") | K53: =IFERROR(INDEX(Events!$A:$A,MATCH(K52,Events!$H:$H,0)),"") | M53: =IFERROR(INDEX(Events!$A:$A,MATCH(M52,Events!$H:$H,0)),"") | O53: =IFERROR(INDEX(Events!$A:$A,MATCH(O52,Events!$H:$H,0)),"")
C54: =IFERROR(INDEX(Events!$A:$A,MATCH(C52,Events!$I:$I,0)),"") | E54: EPM Dashboard | G54: =IFERROR(INDEX(Events!$A:$A,MATCH(G52,Events!$I:$I,0)),"") | I54: =IFERROR(INDEX(Events!$A:$A,MATCH(I52,Events!$I:$I,0)),"") | K54: EPM Dashboard | M54: EPM Dashboard | O54: =IFERROR(INDEX(Events!$A:$A,MATCH(O52,Events!$I:$I,0)),"")
C55: =IFERROR(INDEX(Events!$A:$A,MATCH(C52,Events!$J:$J,0)),"") | E55: Daily Load report | G55: Daily Load report | I55: Daily Load report | K55: Daily Load report | M55: Daily Load report | O55: =IFERROR(INDEX(Events!$A:$A,MATCH(O52,Events!$J:$J,0)),"")
C56: =IF(O52="","",IF(MONTH(O52+1)<>MONTH(O52),"",O52+1)) | D56: =IFERROR(INDEX(Events!$A:$A,MATCH(C56,Events!$G:$G,0)),"") | E56: =IF(C56="","",IF(MONTH(C56+1)<>MONTH(C56),"",C56+1)) | F56: =IFERROR(INDEX(Events!$A:$A,MATCH(E56,Events!$G:$G,0)),"")
C57: =IFERROR(INDEX(Events!$A:$A,MATCH(C56,Events!$H:$H,0)),"") | D57: =IFERROR(INDEX(Events!#REF!,MATCH(C57,Events!A:A,0)),"") | E57: =IFERROR(INDEX(Events!$A:$A,MATCH(E56,Events!$H:$H,0)),"") | F57: =IFERROR(INDEX(Events!#REF!,MATCH(E57,Events!C:C,0)),"")
C58: =IFERROR(INDEX(Events!$A:$A,MATCH(C56,Events!$I:$I,0)),"") | E58: =IFERROR(INDEX(Events!$A:$A,MATCH(E56,Events!$I:$I,0)),"")
C59: =IFERROR(INDEX(Events!$A:$A,MATCH(C56,Events!$J:$J,0)),"")
C61: Date: | D61: =DATE(YEAR('Q1'!$D$7),MONTH('Q1'!$D$7)+2,1) -> 45717
A62: =D61 -> 45717 | C62: Sunday | E62: Monday | G62: Tuesday | I62: Wednesday | K62: Thursday | M62: Friday | O62: Saturday | R62: week
C63: =IF(WEEKDAY($D$61,1)=startday,$D$61,"") | D63: =IFERROR(INDEX(Events!$A:$A,MATCH(C63,Events!$G:$G,0)),"") | E63: =IF(C63="",IF(WEEKDAY($D$61,1)=MOD(startday,7)+1,$D$61,""),C63+1) | F63: =IFERROR(INDEX(Events!$A:$A,MATCH(E63,Events!$G:$G,0)),"") | G63: =IF(E63="",IF(WEEKDAY($D$61,1)=MOD(startday+1,7)+1,$D$61,""),E63+1) | H63: =IFERROR(INDEX(Events!$A:$A,MATCH(G63,Events!$G:$G,0)),"") | I63: =IF(G63="",IF(WEEKDAY($D$61,1)=MOD(startday+2,7)+1,$D$61,""),G63+1) | J63: =IFERROR(INDEX(Events!$A:$A,MATCH(I63,Events!$G:$G,0)),"") | K63: =IF(I63="",IF(WEEKDAY($D$61,1)=MOD(startday+3,7)+1,$D$61,""),I63+1) | L63: =IFERROR(INDEX(Events!$A:$A,MATCH(K63,Events!$G:$G,0)),"") | M63: =IF(K63="",IF(WEEKDAY($D$61,1)=MOD(startday+4,7)+1,$D$61,""),K63+1) | N63: =IFERROR(INDEX(Events!$A:$A,MATCH(M63,Events!$G:$G,0)),"") | O63: =IF(M63="",IF(WEEKDAY($D$61,1)=MOD(startday+5,7)+1,$D$61,""),M63+1) -> 45717 | R63: week 9 (cont)
C64: =IFERROR(INDEX(Events!$A:$A,MATCH(C63,Events!$H:$H,0)),"") | E64: =IFERROR(INDEX(Events!$A:$A,MATCH(E63,Events!$H:$H,0)),"") | G64: =IFERROR(INDEX(Events!$A:$A,MATCH(G63,Events!$H:$H,0)),"") | I64: =IFERROR(INDEX(Events!$A:$A,MATCH(I63,Events!$H:$H,0)),"") | K64: =IFERROR(INDEX(Events!$A:$A,MATCH(K63,Events!$H:$H,0)),"") | M64: =IFERROR(INDEX(Events!$A:$A,MATCH(M63,Events!$H:$H,0)),"") | O64: =IFERROR(INDEX(Events!$A:$A,MATCH(O63,Events!$H:$H,0)),"")
C65: =IFERROR(INDEX(Events!$A:$A,MATCH(C63,Events!$I:$I,0)),"") | E65: =IFERROR(INDEX(Events!$A:$A,MATCH(E63,Events!$I:$I,0)),"") | G65: =IFERROR(INDEX(Events!$A:$A,MATCH(G63,Events!$I:$I,0)),"") | I65: =IFERROR(INDEX(Events!$A:$A,MATCH(I63,Events!$I:$I,0)),"") | K65: =IFERROR(INDEX(Events!$A:$A,MATCH(K63,Events!$I:$I,0)),"") | M65: =IFERROR(INDEX(Events!$A:$A,MATCH(M63,Events!$I:$I,0)),"") | O65: =IFERROR(INDEX(Events!$A:$A,MATCH(O63,Events!$I:$I,0)),"")
C66: =IFERROR(INDEX(Events!$A:$A,MATCH(C63,Events!$J:$J,0)),"") | E66: =IFERROR(INDEX(Events!$A:$A,MATCH(E63,Events!$J:$J,0)),"") | G66: =IFERROR(INDEX(Events!$A:$A,MATCH(G63,Events!$J:$J,0)),"") | I66: =IFERROR(INDEX(Events!$A:$A,MATCH(I63,Events!$J:$J,0)),"") | K66: =IFERROR(INDEX(Events!$A:$A,MATCH(K63,Events!$J:$J,0)),"") | M66: =IFERROR(INDEX(Events!$A:$A,MATCH(M63,Events!$J:$J,0)),"") | O66: Daily Load report
C67: =IF(O63="","",IF(MONTH(O63+1)<>MONTH(O63),"",O63+1)) -> 45718 | D67: =IFERROR(INDEX(Events!$A:$A,MATCH(C67,Events!$G:$G,0)),"") | E67: =IF(C67="","",IF(MONTH(C67+1)<>MONTH(C67),"",C67+1)) -> 45719 | F67: W1 | G67: =IF(E67="","",IF(MONTH(E67+1)<>MONTH(E67),"",E67+1)) -> 45720 | H67: W2 | I67: =IF(G67="","",IF(MONTH(G67+1)<>MONTH(G67),"",G67+1)) -> 45721 | J67: W3 | K67: =IF(I67="","",IF(MONTH(I67+1)<>MONTH(I67),"",I67+1)) -> 45722 | L67: W4 | M67: =IF(K67="","",IF(MONTH(K67+1)<>MONTH(K67),"",K67+1)) -> 45723 | N67: W5 | O67: =IF(M67="","",IF(MONTH(M67+1)<>MONTH(M67),"",M67+1)) -> 45724 | P67: =IFERROR(INDEX(Events!$A:$A,MATCH(O67,Events!$G:$G,0)),"") | R67: week 10
C68: =IFERROR(INDEX(Events!$A:$A,MATCH(C67,Events!$H:$H,0)),"") | E68: February Final | G68: Roll to next mth | H68: =IFERROR(INDEX(Events!#REF!,MATCH(G68,Events!E:E,0)),"") | I68: =IFERROR(INDEX(Events!$A:$A,MATCH(I67,Events!$H:$H,0)),"") | K68: =IFERROR(INDEX(Events!$A:$A,MATCH(K67,Events!$H:$H,0)),"") | M68: GTN update | N68: =IFERROR(INDEX(Events!E:E,MATCH(M68,Events!#REF!,0)),"") | O68: =IFERROR(INDEX(Events!$A:$A,MATCH(O67,Events!$H:$H,0)),"")
C69: =IFERROR(INDEX(Events!$A:$A,MATCH(C67,Events!$I:$I,0)),"") | E69: EPM Dashboard | G69: =IFERROR(INDEX(Events!$A:$A,MATCH(G67,Events!$I:$I,0)),"") | I69: =IFERROR(INDEX(Events!$A:$A,MATCH(I67,Events!$I:$I,0)),"") | K69: =IFERROR(INDEX(Events!$A:$A,MATCH(K67,Events!$I:$I,0)),"") | M69: =IFERROR(INDEX(Events!$A:$A,MATCH(M67,Events!$I:$I,0)),"") | O69: =IFERROR(INDEX(Events!$A:$A,MATCH(O67,Events!$I:$I,0)),"")
C70: =IFERROR(INDEX(Events!$A:$A,MATCH(C67,Events!$J:$J,0)),"") | E70: Daily Load report | G70: Daily Load report | I70: Daily Load report | K70: Daily Load report | M70: Daily Load report | O70: =IFERROR(INDEX(Events!$A:$A,MATCH(O67,Events!$J:$J,0)),"")
C71: =IF(O67="","",IF(MONTH(O67+1)<>MONTH(O67),"",O67+1)) -> 45725 | D71: =IFERROR(INDEX(Events!$A:$A,MATCH(C71,Events!$G:$G,0)),"") -> Daylight Saving | E71: =IF(C71="","",IF(MONTH(C71+1)<>MONTH(C71),"",C71+1)) -> 45726 | F71: W6 | G71: =IF(E71="","",IF(MONTH(E71+1)<>MONTH(E71),"",E71+1)) -> 45727 | H71: W7 | I71: =IF(G71="","",IF(MONTH(G71+1)<>MONTH(G71),"",G71+1)) -> 45728 | J71: W8 | K71: =IF(I71="","",IF(MONTH(I71+1)<>MONTH(I71),"",I71+1)) -> 45729 | L71: W9 | M71: =IF(K71="","",IF(MONTH(K71+1)<>MONTH(K71),"",K71+1)) -> 45730 | N71: W10 | O71: =IF(M71="","",IF(MONTH(M71+1)<>MONTH(M71),"",M71+1)) -> 45731 | P71: =IFERROR(INDEX(Events!$A:$A,MATCH(O71,Events!$G:$G,0)),"") | R71: week 11
C72: =IFERROR(INDEX(Events!$A:$A,MATCH(C71,Events!$H:$H,0)),"") | E72: =IFERROR(INDEX(Events!$A:$A,MATCH(E71,Events!$H:$H,0)),"") | G72: =IFERROR(INDEX(Events!$A:$A,MATCH(G71,Events!$H:$H,0)),"") | I72: L2L Alignment | J72: =IFERROR(INDEX(Events!A:A,MATCH(I72,Events!#REF!,0)),"") | K72: =IFERROR(INDEX(Events!$A:$A,MATCH(K71,Events!$H:$H,0)),"") | M72: =IFERROR(INDEX(Events!$A:$A,MATCH(M71,Events!$H:$H,0)),"") | O72: =IFERROR(INDEX(Events!$A:$A,MATCH(O71,Events!$H:$H,0)),"")
C73: =IFERROR(INDEX(Events!$A:$A,MATCH(C71,Events!$I:$I,0)),"") | E73: EPM Dashboard | G73: =IFERROR(INDEX(Events!$A:$A,MATCH(G71,Events!$I:$I,0)),"") | I73: =IFERROR(INDEX(Events!$A:$A,MATCH(I71,Events!$I:$I,0)),"") | K73: =IFERROR(INDEX(Events!$A:$A,MATCH(K71,Events!$I:$I,0)),"") | M73: =IFERROR(INDEX(Events!$A:$A,MATCH(M71,Events!$I:$I,0)),"") | O73: =IFERROR(INDEX(Events!$A:$A,MATCH(O71,Events!$I:$I,0)),"")
C74: =IFERROR(INDEX(Events!$A:$A,MATCH(C71,Events!$J:$J,0)),"") | E74: Daily Load report | G74: Daily Load report | I74: Daily Load report | K74: Daily Load report | M74: Daily Load report | O74: =IFERROR(INDEX(Events!$A:$A,MATCH(O71,Events!$J:$J,0)),"")
C75: =IF(O71="","",IF(MONTH(O71+1)<>MONTH(O71),"",O71+1)) -> 45732 | D75: =IFERROR(INDEX(Events!$A:$A,MATCH(C75,Events!$G:$G,0)),"") | E75: =IF(C75="","",IF(MONTH(C75+1)<>MONTH(C75),"",C75+1)) -> 45733 | G75: =IF(E75="","",IF(MONTH(E75+1)<>MONTH(E75),"",E75+1)) -> 45734 | H75: DTG10 | I75: =IF(G75="","",IF(MONTH(G75+1)<>MONTH(G75),"",G75+1)) -> 45735 | J75: DTG9 | K75: =IF(I75="","",IF(MONTH(I75+1)<>MONTH(I75),"",I75+1)) -> 45736 | L75: DTG8 | M75: =IF(K75="","",IF(MONTH(K75+1)<>MONTH(K75),"",K75+1)) -> 45737 | N75: DTG7 | O75: =IF(M75="","",IF(MONTH(M75+1)<>MONTH(M75),"",M75+1)) -> 45738 | P75: =IFERROR(INDEX(Events!$A:$A,MATCH(O75,Events!$G:$G,0)),"") | R75: week 12
C76: =IFERROR(INDEX(Events!$A:$A,MATCH(C75,Events!$H:$H,0)),"") | E76: =IFERROR(INDEX(Events!$A:$A,MATCH(E75,Events!$H:$H,0)),"") | G76: =IFERROR(INDEX(Events!$A:$A,MATCH(G75,Events!$H:$H,0)),"") | I76: =IFERROR(INDEX(Events!$A:$A,MATCH(I75,Events!$H:$H,0)),"") | K76: =IFERROR(INDEX(Events!$A:$A,MATCH(K75,Events!$H:$H,0)),"") | M76: =IFERROR(INDEX(Events!$A:$A,MATCH(M75,Events!$H:$H,0)),"") | O76: =IFERROR(INDEX(Events!$A:$A,MATCH(O75,Events!$H:$H,0)),"")
C77: =IFERROR(INDEX(Events!$A:$A,MATCH(C75,Events!$I:$I,0)),"") | E77: EPM Dashboard | G77: EPM Dashboard | I77: EPM Dashboard | K77: EPM Dashboard | M77: EPM Dashboard | O77: =IFERROR(INDEX(Events!$A:$A,MATCH(O75,Events!$I:$I,0)),"")
C78: =IFERROR(INDEX(Events!$A:$A,MATCH(C75,Events!$J:$J,0)),"") | E78: Daily Load report | G78: Daily Load report | I78: Daily Load report | K78: Daily Load report | M78: Daily Load report | O78: Daily Load report
C79: =IF(O75="","",IF(MONTH(O75+1)<>MONTH(O75),"",O75+1)) -> 45739 | D79: =IFERROR(INDEX(Events!$A:$A,MATCH(C79,Events!$G:$G,0)),"") | E79: =IF(C79="","",IF(MONTH(C79+1)<>MONTH(C79),"",C79+1)) -> 45740 | F79: DTG6 | G79: =IF(E79="","",IF(MONTH(E79+1)<>MONTH(E79),"",E79+1)) -> 45741 | H79: DTG5 | I79: =IF(G79="","",IF(MONTH(G79+1)<>MONTH(G79),"",G79+1)) -> 45742 | J79: DTG4 | K79: =IF(I79="","",IF(MONTH(I79+1)<>MONTH(I79),"",I79+1)) -> 45743 | L79: DTG3 | M79: =IF(K79="","",IF(MONTH(K79+1)<>MONTH(K79),"",K79+1)) -> 45744 | N79: DTG2 | O79: =IF(M79="","",IF(MONTH(M79+1)<>MONTH(M79),"",M79+1)) -> 45745 | P79: DTG1 SAT | R79: week 13
C80: =IFERROR(INDEX(Events!$A:$A,MATCH(C79,Events!$H:$H,0)),"") | E80: =IFERROR(INDEX(Events!$A:$A,MATCH(E79,Events!$H:$H,0)),"") | G80: =IFERROR(INDEX(Events!$A:$A,MATCH(G79,Events!$H:$H,0)),"") | I80: =IFERROR(INDEX(Events!$A:$A,MATCH(I79,Events!$H:$H,0)),"") | K80: =IFERROR(INDEX(Events!$A:$A,MATCH(K79,Events!$H:$H,0)),"") | M80: =IFERROR(INDEX(Events!$A:$A,MATCH(M79,Events!$H:$H,0)),"") | O80: =IFERROR(INDEX(Events!$A:$A,MATCH(O79,Events!$H:$H,0)),"")
C81: =IFERROR(INDEX(Events!$A:$A,MATCH(C79,Events!$I:$I,0)),"") | E81: EPM Dashboard | G81: EPM Dashboard | I81: EPM Dashboard | K81: EPM Dashboard | M81: EPM Dashboard | O81: EPM Dashboard
C82: =IFERROR(INDEX(Events!$A:$A,MATCH(C79,Events!$J:$J,0)),"") | E82: Daily Load report | G82: Daily Load report | I82: Daily Load report | K82: Daily Load report | M82: Daily Load report | O82: Daily Load report
C83: =IF(O79="","",IF(MONTH(O79+1)<>MONTH(O79),"",O79+1)) -> 45746 | D83: =IFERROR(INDEX(Events!$A:$A,MATCH(C83,Events!$G:$G,0)),"") | E83: =IF(C83="","",IF(MONTH(C83+1)<>MONTH(C83),"",C83+1)) -> 45747 | F83: DTG1 | G83: 1 | H83: W1 | R83: week 13 (cont)
C84: =IFERROR(INDEX(Events!$A:$A,MATCH(C83,Events!$H:$H,0)),"") | E84: =IFERROR(INDEX(Events!$A:$A,MATCH(E83,Events!$H:$H,0)),"") | G84: Final Load | H84: =IFERROR(INDEX(Events!#REF!,MATCH(G84,Events!E:E,0)),"") | I84: WW courtesy run
C85: =IFERROR(INDEX(Events!$A:$A,MATCH(C83,Events!$I:$I,0)),"") | E85: EPM Dashboard
C86: Daily Load report | E86: Daily Load report | G86: Blackout

Sheet Q3
C5: Load Calendar | I5: =D7 -> 45839
C7: Date: | D7: =DATE(YEAR('Q1'!$D$7),MONTH('Q1'!$D$7)+6,1) -> 45839
A8: =D7 -> 45839 | C8: Sunday | E8: Monday | G8: Tuesday | I8: Wednesday | K8: Thursday | M8: Friday | O8: Saturday | R8: week
C9: =IF(WEEKDAY($D$7,1)=startday,$D$7,"") | D9: =IFERROR(INDEX(Events!$A:$A,MATCH(C9,Events!$G:$G,0)),"") | E9: =IF(C9="",IF(WEEKDAY($D$7,1)=MOD(startday,7)+1,$D$7,""),C9+1) | F9: =IFERROR(INDEX(Events!$A:$A,MATCH(E9,Events!$G:$G,0)),"") | G9: =IF(E9="",IF(WEEKDAY($D$7,1)=MOD(startday+1,7)+1,$D$7,""),E9+1) -> 45839 | H9: W1 | I9: =IF(G9="",IF(WEEKDAY($D$7,1)=MOD(startday+2,7)+1,$D$7,""),G9+1) -> 45840 | J9: W2 | K9: =IF(I9="",IF(WEEKDAY($D$7,1)=MOD(startday+3,7)+1,$D$7,""),I9+1) -> 45841 | L9: W3 | M9: =IF(K9="",IF(WEEKDAY($D$7,1)=MOD(startday+4,7)+1,$D$7,""),K9+1) -> 45842 | N9: Intependence Day | O9: =IF(M9="",IF(WEEKDAY($D$7,1)=MOD(startday+5,7)+1,$D$7,""),M9+1) -> 45843 | P9: =IFERROR(INDEX(Events!$A:$A,MATCH(O9,Events!$G:$G,0)),"") | R9: week 1
G10: Final Load | H10: =IFERROR(INDEX(Events!#REF!,MATCH(G10,Events!E:E,0)),"") | I10: WW courtesy run | K10: No WW Load Run | M10: No WW Load Run | O10: =IFERROR(INDEX(Events!$A:$A,MATCH(O8,Events!$H:$H,0)),"") | P10: =IFERROR(INDEX(Events!G:G,MATCH(O10,Events!K:K,0)),"")
C11: =IFERROR(INDEX(Events!$A:$A,MATCH(C9,Events!$H:$H,0)),"") | D11: =IFERROR(INDEX(Events!#REF!,MATCH(C11,Events!A:A,0)),"") | E11: =IFERROR(INDEX(Events!$A:$A,MATCH(E9,Events!$H:$H,0)),"") | F11: =IFERROR(INDEX(Events!#REF!,MATCH(E11,Events!C:C,0)),"") | G11: WW Load Run | I11: =IFERROR(INDEX(Events!$A:$A,MATCH(I9,Events!$H:$H,0)),"") | J11: =IFERROR(INDEX(Events!A:A,MATCH(I11,Events!G:G,0)),"") | K11: =IFERROR(INDEX(Events!$A:$A,MATCH(K9,Events!$H:$H,0)),"") | L11: =IFERROR(INDEX(Events!C:C,MATCH(K11,Events!I:I,0)),"") | M11: =IFERROR(INDEX(Events!$A:$A,MATCH(M9,Events!$H:$H,0)),"") | N11: =IFERROR(INDEX(Events!E:E,MATCH(M11,Events!#REF!,0)),"") | O11: =IFERROR(INDEX(Events!$A:$A,MATCH(O9,Events!$H:$H,0)),"") | P11: =IFERROR(INDEX(Events!G:G,MATCH(O11,Events!K:K,0)),"")
C12: =IFERROR(INDEX(Events!$A:$A,MATCH(C9,Events!$I:$I,0)),"") | E12: =IFERROR(INDEX(Events!$A:$A,MATCH(E9,Events!$I:$I,0)),"") | I12: =IFERROR(INDEX(Events!$A:$A,MATCH(I9,Events!$I:$I,0)),"") | K12: =IFERROR(INDEX(Events!$A:$A,MATCH(K9,Events!$I:$I,0)),"") | M12: =IFERROR(INDEX(Events!$A:$A,MATCH(M9,Events!$I:$I,0)),"") | O12: =IFERROR(INDEX(Events!$A:$A,MATCH(O9,Events!$I:$I,0)),"")
C13: =IFERROR(INDEX(Events!$A:$A,MATCH(C9,Events!$J:$J,0)),"") | E13: =IFERROR(INDEX(Events!$A:$A,MATCH(E9,Events!$J:$J,0)),"") | G13: Blackout | I13: =IFERROR(INDEX(Events!$A:$A,MATCH(I9,Events!$J:$J,0)),"") | K13: =IFERROR(INDEX(Events!$A:$A,MATCH(K9,Events!$J:$J,0)),"") | M13: =IFERROR(INDEX(Events!$A:$A,MATCH(M9,Events!$J:$J,0)),"") | O13: =IFERROR(INDEX(Events!$A:$A,MATCH(O9,Events!$J:$J,0)),"")
C14: =IF(O9="","",IF(MONTH(O9+1)<>MONTH(O9),"",O9+1)) -> 45844 | D14: =IFERROR(INDEX(Events!$A:$A,MATCH(C14,Events!$G:$G,0)),"") | E14: =IF(C14="","",IF(MONTH(C14+1)<>MONTH(C14),"",C14+1)) -> 45845 | F14: W4 | G14: =IF(E14="","",IF(MONTH(E14+1)<>MONTH(E14),"",E14+1)) -> 45846 | H14: W5 | I14: =IF(G14="","",IF(MONTH(G14+1)<>MONTH(G14),"",G14+1)) -> 45847 | J14: W6 | K14: =IF(I14="","",IF(MONTH(I14+1)<>MONTH(I14),"",I14+1)) -> 45848 | L14: W7 | M14: =IF(K14="","",IF(MONTH(K14+1)<>MONTH(K14),"",K14+1)) -> 45849 | N14: W8 | O14: =IF(M14="","",IF(MONTH(M14+1)<>MONTH(M14),"",M14+1)) -> 45850 | P14: =IFERROR(INDEX(Events!$A:$A,MATCH(O14,Events!$G:$G,0)),"") | R14: week 2
C15: No WW Load Run | E15: No WW Load Run | G15: No WW Load Run | I15: WW Load Run | K15: WW Load Run | M15: WW Load Run | O15: =IFERROR(INDEX(Events!$A:$A,MATCH(O14,Events!$H:$H,0)),"")
C16: =IFERROR(INDEX(Events!$A:$A,MATCH(C14,Events!$I:$I,0)),"") | E16: =IFERROR(INDEX(Events!$A:$A,MATCH(E14,Events!$I:$I,0)),"") | G16: =IFERROR(INDEX(Events!$A:$A,MATCH(G14,Events!$H:$H,0)),"") | H16: =IFERROR(INDEX(Events!#REF!,MATCH(G16,Events!E:E,0)),"") | I16: Roll to next qtr | J16: =IFERROR(INDEX(Events!#REF!,MATCH(I16,Events!G:G,0)),"") | K16: EPM Dashboard | M16: EPM Dashboard | O16: =IFERROR(INDEX(Events!$A:$A,MATCH(O14,Events!$H:$H,0)),"") | P16: =IFERROR(INDEX(Events!G:G,MATCH(O16,Events!K:K,0)),"")
C17: =IFERROR(INDEX(Events!$A:$A,MATCH(C15,Events!$I:$I,0)),"") | E17: =IFERROR(INDEX(Events!$A:$A,MATCH(E15,Events!$I:$I,0)),"") | G17: =IFERROR(INDEX(Events!$A:$A,MATCH(G15,Events!$I:$I,0)),"") | I17: AUR valuation | K17: Daily Load report | M17: Daily Load report | O17: =IFERROR(INDEX(Events!$A:$A,MATCH(O14,Events!$I:$I,0)),"")
C18: =IFERROR(INDEX(Events!$A:$A,MATCH(C14,Events!$J:$J,0)),"") | E18: =IFERROR(INDEX(Events!$A:$A,MATCH(E14,Events!$J:$J,0)),"") | G18: =IFERROR(INDEX(Events!$A:$A,MATCH(G14,Events!$J:$J,0)),"") | I18: =IFERROR(INDEX(Events!$A:$A,MATCH(I14,Events!$J:$J,0)),"") | K18: =IFERROR(INDEX(Events!$A:$A,MATCH(K14,Events!$J:$J,0)),"") | M18: GTN update | N18: =IFERROR(INDEX([1]Events!E:E,MATCH(M18,[1]Events!#REF!,0)),"") | O18: =IFERROR(INDEX(Events!$A:$A,MATCH(O14,Events!$J:$J,0)),"")
C19: =IF(O14="","",IF(MONTH(O14+1)<>MONTH(O14),"",O14+1)) -> 45851 | D19: =IFERROR(INDEX(Events!$A:$A,MATCH(C19,Events!$G:$G,0)),"") | E19: =IF(C19="","",IF(MONTH(C19+1)<>MONTH(C19),"",C19+1)) -> 45852 | F19: =IFERROR(INDEX(Events!$A:$A,MATCH(E19,Events!$G:$G,0)),"") | G19: =IF(E19="","",IF(MONTH(E19+1)<>MONTH(E19),"",E19+1)) -> 45853 | H19: =IFERROR(INDEX(Events!$A:$A,MATCH(G19,Events!$G:$G,0)),"") | I19: =IF(G19="","",IF(MONTH(G19+1)<>MONTH(G19),"",G19+1)) -> 45854 | J19: =IFERROR(INDEX(Events!$A:$A,MATCH(I19,Events!$G:$G,0)),"") | K19: =IF(I19="","",IF(MONTH(I19+1)<>MONTH(I19),"",I19+1)) -> 45855 | L19: =IFERROR(INDEX(Events!$A:$A,MATCH(K19,Events!$G:$G,0)),"") | M19: =IF(K19="","",IF(MONTH(K19+1)<>MONTH(K19),"",K19+1)) -> 45856 | N19: =IFERROR(INDEX(Events!$A:$A,MATCH(M19,Events!$G:$G,0)),"") | O19: =IF(M19="","",IF(MONTH(M19+1)<>MONTH(M19),"",M19+1)) -> 45857 | P19: =IFERROR(INDEX(Events!$A:$A,MATCH(O19,Events!$G:$G,0)),"") | R19: week 3
E20: WW Load Run | G20: WW Load Run | I20: WW Load Run | K20: WW Load Run | M20: WW Load Run | O20: =IFERROR(INDEX(Events!$A:$A,MATCH(O19,Events!$H:$H,0)),"")
E21: EPM Dashboard | G21: EPM Dashboard | I21: EPM Dashboard | K21: EPM Dashboard | M21: EPM Dashboard | O21: =IFERROR(INDEX(Events!$A:$A,MATCH(O19,Events!$H:$H,0)),"") | P21: =IFERROR(INDEX(Events!G:G,MATCH(O21,Events!K:K,0)),"")
E22: Daily Load report | G22: Daily Load report | I22: Daily Load report | K22: Daily Load report | M22: Daily Load report | O22: =IFERROR(INDEX(Events!$A:$A,MATCH(O19,Events!$I:$I,0)),"")
C23: =IFERROR(INDEX(Events!$A:$A,MATCH(C19,Events!$J:$J,0)),"") | E23: =IFERROR(INDEX(Events!$A:$A,MATCH(E19,Events!$J:$J,0)),"") | G23: =IFERROR(INDEX(Events!$A:$A,MATCH(G19,Events!$J:$J,0)),"") | I23: =IFERROR(INDEX(Events!$A:$A,MATCH(I19,Events!$J:$J,0)),"") | K23: =IFERROR(INDEX(Events!$A:$A,MATCH(K19,Events!$J:$J,0)),"") | M23: =IFERROR(INDEX(Events!$A:$A,MATCH(M19,Events!$J:$J,0)),"") | O23: =IFERROR(INDEX(Events!$A:$A,MATCH(O19,Events!$J:$J,0)),"")
C24: =IF(O19="","",IF(MONTH(O19+1)<>MONTH(O19),"",O19+1)) -> 45858 | D24: =IFERROR(INDEX(Events!$A:$A,MATCH(C24,Events!$G:$G,0)),"") | E24: =IF(C24="","",IF(MONTH(C24+1)<>MONTH(C24),"",C24+1)) -> 45859 | F24: =IFERROR(INDEX(Events!$A:$A,MATCH(E24,Events!$G:$G,0)),"") | G24: =IF(E24="","",IF(MONTH(E24+1)<>MONTH(E24),"",E24+1)) -> 45860 | H24: =IFERROR(INDEX(Events!$A:$A,MATCH(G24,Events!$G:$G,0)),"") | I24: =IF(G24="","",IF(MONTH(G24+1)<>MONTH(G24),"",G24+1)) -> 45861 | J24: =IFERROR(INDEX(Events!$A:$A,MATCH(I24,Events!$G:$G,0)),"") | K24: =IF(I24="","",IF(MONTH(I24+1)<>MONTH(I24),"",I24+1)) -> 45862 | L24: =IFERROR(INDEX(Events!$A:$A,MATCH(K24,Events!$G:$G,0)),"") | M24: =IF(K24="","",IF(MONTH(K24+1)<>MONTH(K24),"",K24+1)) -> 45863 | N24: =IFERROR(INDEX(Events!$A:$A,MATCH(M24,Events!$G:$G,0)),"") | O24: =IF(M24="","",IF(MONTH(M24+1)<>MONTH(M24),"",M24+1)) -> 45864 | P24: =IFERROR(INDEX(Events!$A:$A,MATCH(O24,Events!$G:$G,0)),"") | R24: week 4
E25: WW Load Run | G25: WW Load Run | I25: WW Load Run | K25: WW Load Run | M25: WW Load Run | O25: =IFERROR(INDEX(Events!$A:$A,MATCH(O24,Events!$H:$H,0)),"")
E26: EPM Dashboard | G26: EPM Dashboard | I26: EPM Dashboard | K26: EPM Dashboard | M26: EPM Dashboard | O26: =IFERROR(INDEX(Events!$A:$A,MATCH(O24,Events!$H:$H,0)),"") | P26: =IFERROR(INDEX(Events!G:G,MATCH(O26,Events!K:K,0)),"")
E27: Daily Load report | G27: Daily Load report | I27: Daily Load report | K27: Daily Load report | M27: Daily Load report | O27: =IFERROR(INDEX(Events!$A:$A,MATCH(O24,Events!$I:$I,0)),"")
C28: =IFERROR(INDEX(Events!$A:$A,MATCH(C24,Events!$J:$J,0)),"") | E28: =IFERROR(INDEX(Events!$A:$A,MATCH(E24,Events!$J:$J,0)),"") | G28: =IFERROR(INDEX(Events!$A:$A,MATCH(G24,Events!$J:$J,0)),"") | I28: =IFERROR(INDEX(Events!$A:$A,MATCH(I24,Events!$J:$J,0)),"") | K28: =IFERROR(INDEX(Events!$A:$A,MATCH(K24,Events!$J:$J,0)),"") | M28: =IFERROR(INDEX(Events!$A:$A,MATCH(M24,Events!$J:$J,0)),"") | O28: =IFERROR(INDEX(Events!$A:$A,MATCH(O24,Events!$J:$J,0)),"")
C29: =IF(O24="","",IF(MONTH(O24+1)<>MONTH(O24),"",O24+1)) -> 45865 | E29: =IF(C29="","",IF(MONTH(C29+1)<>MONTH(C29),"",C29+1)) -> 45866 | F29: =IFERROR(INDEX(Events!$A:$A,MATCH(E29,Events!$G:$G,0)),"") | G29: =IF(E29="","",IF(MONTH(E29+1)<>MONTH(E29),"",E29+1)) -> 45867 | H29: =IFERROR(INDEX(Events!$A:$A,MATCH(G29,Events!$G:$G,0)),"") | I29: =IF(G29="","",IF(MONTH(G29+1)<>MONTH(G29),"",G29+1)) -> 45868 | J29: =IFERROR(INDEX(Events!$A:$A,MATCH(I29,Events!$G:$G,0)),"") | K29: =IF(I29="","",IF(MONTH(I29+1)<>MONTH(I29),"",I29+1)) -> 45869 | L29: =IFERROR(INDEX(Events!$A:$A,MATCH(K29,Events!$G:$G,0)),"") | M29: =IF(K29="","",IF(MONTH(K29+1)<>MONTH(K29),"",K29+1)) | N29: =IFERROR(INDEX(Events!$A:$A,MATCH(M29,Events!$G:$G,0)),"") | O29: =IF(M29="","",IF(MONTH(M29+1)<>MONTH(M29),"",M29+1)) | P29: =IFERROR(INDEX(Events!$A:$A,MATCH(O29,Events!$G:$G,0)),"") | R29: week 5
E30: WW Load Run | G30: WW Load Run | I30: WW Load Run | K30: WW Load Run
E31: EPM Dashboard | G31: EPM Dashboard | I31: EPM Dashboard | K31: EPM Dashboard | O31: =IFERROR(INDEX(Events!$A:$A,MATCH(O29,Events!$H:$H,0)),"") | P31: =IFERROR(INDEX(Events!G:G,MATCH(O31,Events!K:K,0)),"")
E32: Daily Load report | G32: Daily Load report | I32: Daily Load report | K32: Daily Load report | O32: =IFERROR(INDEX(Events!$A:$A,MATCH(O29,Events!$I:$I,0)),"")
C33: =IFERROR(INDEX(Events!$A:$A,MATCH(C29,Events!$J:$J,0)),"") | E33: =IFERROR(INDEX(Events!$A:$A,MATCH(E29,Events!$J:$J,0)),"") | G33: =IFERROR(INDEX(Events!$A:$A,MATCH(G29,Events!$J:$J,0)),"") | I33: =IFERROR(INDEX(Events!$A:$A,MATCH(I29,Events!$J:$J,0)),"") | K33: =IFERROR(INDEX(Events!$A:$A,MATCH(K29,Events!$J:$J,0)),"") | M33: =IFERROR(INDEX(Events!$A:$A,MATCH(M29,Events!$J:$J,0)),"") | O33: =IFERROR(INDEX(Events!$A:$A,MATCH(O29,Events!$J:$J,0)),"")
C34: =IF(O29="","",IF(MONTH(O29+1)<>MONTH(O29),"",O29+1)) | D34: =IFERROR(INDEX(Events!$A:$A,MATCH(C34,Events!$G:$G,0)),"") | E34: =IF(C34="","",IF(MONTH(C34+1)<>MONTH(C34),"",C34+1)) | F34: =IFERROR(INDEX(Events!$A:$A,MATCH(E34,Events!$G:$G,0)),"")
C35: =IFERROR(INDEX(Events!$A:$A,MATCH(C34,Events!$H:$H,0)),"") | D35: =IFERROR(INDEX(Events!#REF!,MATCH(C35,Events!A:A,0)),"") | E35: =IFERROR(INDEX(Events!$A:$A,MATCH(E34,Events!$H:$H,0)),"") | F35: =IFERROR(INDEX(Events!#REF!,MATCH(E35,Events!C:C,0)),"")
C36: =IFERROR(INDEX(Events!$A:$A,MATCH(C34,Events!$I:$I,0)),"") | E36: =IFERROR(INDEX(Events!$A:$A,MATCH(E34,Events!$I:$I,0)),"") | I36: =D39 -> 45870
C37: =IFERROR(INDEX(Events!$A:$A,MATCH(C34,Events!$J:$J,0)),"") | E37: =IFERROR(INDEX(Events!$A:$A,MATCH(E34,Events!$J:$J,0)),"")
C39: Date: | D39: =DATE(YEAR('Q1'!$D$7),MONTH('Q1'!$D$7)+7,1) -> 45870
A40: =D39 -> 45870 | C40: Sunday | E40: Monday | G40: Tuesday | I40: Wednesday | K40: Thursday | M40: Friday | O40: Saturday | R40: week
C41: =IF(WEEKDAY($D$39,1)=startday,$D$39,"") | D41: =IFERROR(INDEX(Events!$A:$A,MATCH(C41,Events!$G:$G,0)),"") | E41: =IF(C41="",IF(WEEKDAY($D$39,1)=MOD(startday,7)+1,$D$39,""),C41+1) | F41: =IFERROR(INDEX(Events!$A:$A,MATCH(E41,Events!$G:$G,0)),"") | G41: =IF(E41="",IF(WEEKDAY($D$39,1)=MOD(startday+1,7)+1,$D$39,""),E41+1) | H41: =IFERROR(INDEX(Events!$A:$A,MATCH(G41,Events!$G:$G,0)),"") | I41: =IF(G41="",IF(WEEKDAY($D$39,1)=MOD(startday+2,7)+1,$D$39,""),G41+1) | J41: =IFERROR(INDEX(Events!$A:$A,MATCH(I41,Events!$G:$G,0)),"") | K41: =IF(I41="",IF(WEEKDAY($D$39,1)=MOD(startday+3,7)+1,$D$39,""),I41+1) | L41: =IFERROR(INDEX(Events!$A:$A,MATCH(K41,Events!$G:$G,0)),"") | M41: =IF(K41="",IF(WEEKDAY($D$39,1)=MOD(startday+4,7)+1,$D$39,""),K41+1) -> 45870 | N41: W1 | O41: =IF(M41="",IF(WEEKDAY($D$39,1)=MOD(startday+5,7)+1,$D$39,""),M41+1) -> 45871 | P41: =IFERROR(INDEX(Events!$A:$A,MATCH(O41,Events!$G:$G,0)),"") | R41: week 5 (cont)
M42: WW Load Run | O42: =IFERROR(INDEX(Events!$A:$A,MATCH(O41,Events!$H:$H,0)),"")
C43: =IFERROR(INDEX(Events!$A:$A,MATCH(C41,Events!$H:$H,0)),"") | E43: =IFERROR(INDEX(Events!$A:$A,MATCH(E41,Events!$H:$H,0)),"") | G43: =IFERROR(INDEX(Events!$A:$A,MATCH(G41,Events!$H:$H,0)),"") | I43: =IFERROR(INDEX(Events!$A:$A,MATCH(I41,Events!$H:$H,0)),"") | K43: =IFERROR(INDEX(Events!$A:$A,MATCH(K41,Events!$H:$H,0)),"") | M43: EPM Dashboard | O43: =IFERROR(INDEX(Events!$A:$A,MATCH(O41,Events!$H:$H,0)),"")
C44: =IFERROR(INDEX(Events!$A:$A,MATCH(C41,Events!$I:$I,0)),"") | E44: =IFERROR(INDEX(Events!$A:$A,MATCH(E41,Events!$I:$I,0)),"") | G44: =IFERROR(INDEX(Events!$A:$A,MATCH(G41,Events!$I:$I,0)),"") | I44: =IFERROR(INDEX(Events!$A:$A,MATCH(I41,Events!$I:$I,0)),"") | K44: =IFERROR(INDEX(Events!$A:$A,MATCH(K41,Events!$I:$I,0)),"") | M44: Daily Load report | O44: =IFERROR(INDEX(Events!$A:$A,MATCH(O41,Events!$I:$I,0)),"")
C45: =IFERROR(INDEX(Events!$A:$A,MATCH(C41,Events!$J:$J,0)),"") | E45: =IFERROR(INDEX(Events!$A:$A,MATCH(E41,Events!$J:$J,0)),"") | G45: =IFERROR(INDEX(Events!$A:$A,MATCH(G41,Events!$J:$J,0)),"") | I45: =IFERROR(INDEX(Events!$A:$A,MATCH(I41,Events!$J:$J,0)),"") | K45: =IFERROR(INDEX(Events!$A:$A,MATCH(K41,Events!$J:$J,0)),"") | M45: July Month End | O45: =IFERROR(INDEX(Events!$A:$A,MATCH(O41,Events!$J:$J,0)),"")
C46: =IF(O41="","",IF(MONTH(O41+1)<>MONTH(O41),"",O41+1)) -> 45872 | D46: =IFERROR(INDEX(Events!$A:$A,MATCH(C46,Events!$G:$G,0)),"") | E46: =IF(C46="","",IF(MONTH(C46+1)<>MONTH(C46),"",C46+1)) -> 45873 | F46: W2 | G46: =IF(E46="","",IF(MONTH(E46+1)<>MONTH(E46),"",E46+1)) -> 45874 | H46: W3 | I46: =IF(G46="","",IF(MONTH(G46+1)<>MONTH(G46),"",G46+1)) -> 45875 | J46: W4 | K46: =IF(I46="","",IF(MONTH(I46+1)<>MONTH(I46),"",I46+1)) -> 45876 | L46: W5 | M46: =IF(K46="","",IF(MONTH(K46+1)<>MONTH(K46),"",K46+1)) -> 45877 | N46: W6 | O46: =IF(M46="","",IF(MONTH(M46+1)<>MONTH(M46),"",M46+1)) -> 45878 | P46: =IFERROR(INDEX(Events!$A:$A,MATCH(O46,Events!$G:$G,0)),"") | R46: week 6
E47: WW Load Run | G47: WW Load Run | I47: WW Load Run | K47: WW Load Run | M47: WW Load Run | O47: =IFERROR(INDEX(Events!$A:$A,MATCH(O46,Events!$H:$H,0)),"")
E48: EPM Dashboard | G48: EPM Dashboard | I48: EPM Dashboard | K48: EPM Dashboard | M48: EPM Dashboard | O48: =IFERROR(INDEX(Events!$A:$A,MATCH(O46,Events!$H:$H,0)),"")
E49: Daily Load report | G49: Daily Load report | I49: Daily Load report | K49: Daily Load report | M49: Daily Load report | O49: =IFERROR(INDEX(Events!$A:$A,MATCH(O46,Events!$I:$I,0)),"")
C50: =IFERROR(INDEX(Events!$A:$A,MATCH(C46,Events!$J:$J,0)),"") | E50: Month roll | G50: =IFERROR(INDEX(Events!$A:$A,MATCH(G46,Events!$J:$J,0)),"") | I50: =IFERROR(INDEX(Events!$A:$A,MATCH(I46,Events!$J:$J,0)),"") | K50: =IFERROR(INDEX(Events!$A:$A,MATCH(K46,Events!$J:$J,0)),"") | M50: GTN update | N50: =IFERROR(INDEX(Events!E:E,MATCH(M50,Events!#REF!,0)),"") | O50: =IFERROR(INDEX(Events!$A:$A,MATCH(O46,Events!$J:$J,0)),"")
C51: =IF(O46="","",IF(MONTH(O46+1)<>MONTH(O46),"",O46+1)) -> 45879 | D51: W7 | E51: =IF(C51="","",IF(MONTH(C51+1)<>MONTH(C51),"",C51+1)) -> 45880 | F51: W8 | G51: =IF(E51="","",IF(MONTH(E51+1)<>MONTH(E51),"",E51+1)) -> 45881 | H51: W9 | I51: =IF(G51="","",IF(MONTH(G51+1)<>MONTH(G51),"",G51+1)) -> 45882 | J51: =IFERROR(INDEX(Events!$A:$A,MATCH(I51,Events!$G:$G,0)),"") | K51: =IF(I51="","",IF(MONTH(I51+1)<>MONTH(I51),"",I51+1)) -> 45883 | L51: =IFERROR(INDEX(Events!$A:$A,MATCH(K51,Events!$G:$G,0)),"") | M51: =IF(K51="","",IF(MONTH(K51+1)<>MONTH(K51),"",K51+1)) -> 45884 | N51: =IFERROR(INDEX(Events!$A:$A,MATCH(M51,Events!$G:$G,0)),"") | O51: =IF(M51="","",IF(MONTH(M51+1)<>MONTH(M51),"",M51+1)) -> 45885 | P51: =IFERROR(INDEX(Events!$A:$A,MATCH(O51,Events!$G:$G,0)),"") | R51: week 7
E52: WW Load Run | G52: WW Load Run | I52: WW Load Run | K52: WW Load Run | M52: WW Load Run | O52: =IFERROR(INDEX(Events!$A:$A,MATCH(O51,Events!$H:$H,0)),"")
E53: EPM Dashboard | G53: EPM Dashboard | I53: EPM Dashboard | K53: EPM Dashboard | M53: EPM Dashboard | O53: =IFERROR(INDEX(Events!$A:$A,MATCH(O51,Events!$H:$H,0)),"")
E54: Daily Load report | G54: Daily Load report | I54: Daily Load report | K54: Daily Load report | M54: Daily Load report | O54: =IFERROR(INDEX(Events!$A:$A,MATCH(O51,Events!$I:$I,0)),"")
E55: =IFERROR(INDEX(Events!$A:$A,MATCH(E51,Events!$J:$J,0)),"") | G55: L2L Alignment | H55: =IFERROR(INDEX([1]Events!#REF!,MATCH(G55,[1]Events!#REF!,0)),"") | K55: =IFERROR(INDEX(Events!$A:$A,MATCH(K51,Events!$J:$J,0)),"") | M55: =IFERROR(INDEX(Events!$A:$A,MATCH(M51,Events!$J:$J,0)),"") | O55: =IFERROR(INDEX(Events!$A:$A,MATCH(O51,Events!$J:$J,0)),"")
C56: =IF(O51="","",IF(MONTH(O51+1)<>MONTH(O51),"",O51+1)) -> 45886 | D56: =IFERROR(INDEX(Events!$A:$A,MATCH(C56,Events!$G:$G,0)),"") | E56: =IF(C56="","",IF(MONTH(C56+1)<>MONTH(C56),"",C56+1)) -> 45887 | F56: =IFERROR(INDEX(Events!$A:$A,MATCH(E56,Events!$G:$G,0)),"") | G56: =IF(E56="","",IF(MONTH(E56+1)<>MONTH(E56),"",E56+1)) -> 45888 | H56: =IFERROR(INDEX(Events!$A:$A,MATCH(G56,Events!$G:$G,0)),"") -> Aviation Day | I56: =IF(G56="","",IF(MONTH(G56+1)<>MONTH(G56),"",G56+1)) -> 45889 | J56: =IFERROR(INDEX(Events!$A:$A,MATCH(I56,Events!$G:$G,0)),"") | K56: =IF(I56="","",IF(MONTH(I56+1)<>MONTH(I56),"",I56+1)) -> 45890 | L56: =IFERROR(INDEX(Events!$A:$A,MATCH(K56,Events!$G:$G,0)),"") | M56: =IF(K56="","",IF(MONTH(K56+1)<>MONTH(K56),"",K56+1)) -> 45891 | N56: =IFERROR(INDEX(Events!$A:$A,MATCH(M56,Events!$G:$G,0)),"") | O56: =IF(M56="","",IF(MONTH(M56+1)<>MONTH(M56),"",M56+1)) -> 45892 | P56: =IFERROR(INDEX(Events!$A:$A,MATCH(O56,Events!$G:$G,0)),"") | R56: week 8
E57: WW Load Run | G57: WW Load Run | I57: WW Load Run | K57: WW Load Run | M57: WW Load Run | O57: =IFERROR(INDEX(Events!$A:$A,MATCH(O56,Events!$H:$H,0)),"")
E58: EPM Dashboard | G58: EPM Dashboard | I58: EPM Dashboard | K58: EPM Dashboard | M58: EPM Dashboard | O58: =IFERROR(INDEX(Events!$A:$A,MATCH(O56,Events!$H:$H,0)),"")
E59: Daily Load report | G59: Daily Load report | I59: Daily Load report | K59: Daily Load report | M59: Daily Load report | O59: =IFERROR(INDEX(Events!$A:$A,MATCH(O56,Events!$I:$I,0)),"")
C60: =IFERROR(INDEX(Events!$A:$A,MATCH(C56,Events!$J:$J,0)),"") | E60: =IFERROR(INDEX(Events!$A:$A,MATCH(E56,Events!$J:$J,0)),"") | G60: =IFERROR(INDEX(Events!$A:$A,MATCH(G56,Events!$J:$J,0)),"") | I60: =IFERROR(INDEX(Events!$A:$A,MATCH(I56,Events!$J:$J,0)),"") | K60: =IFERROR(INDEX(Events!$A:$A,MATCH(K56,Events!$J:$J,0)),"") | M60: =IFERROR(INDEX(Events!$A:$A,MATCH(M56,Events!$J:$J,0)),"") | O60: =IFERROR(INDEX(Events!$A:$A,MATCH(O56,Events!$J:$J,0)),"")
C61: =IF(O56="","",IF(MONTH(O56+1)<>MONTH(O56),"",O56+1)) -> 45893 | D61: =IFERROR(INDEX(Events!$A:$A,MATCH(C61,Events!$G:$G,0)),"") | E61: =IF(C61="","",IF(MONTH(C61+1)<>MONTH(C61),"",C61+1)) -> 45894 | F61: =IFERROR(INDEX(Events!$A:$A,MATCH(E61,Events!$G:$G,0)),"") | G61: =IF(E61="","",IF(MONTH(E61+1)<>MONTH(E61),"",E61+1)) -> 45895 | H61: =IFERROR(INDEX(Events!$A:$A,MATCH(G61,Events!$G:$G,0)),"") | I61: =IF(G61="","",IF(MONTH(G61+1)<>MONTH(G61),"",G61+1)) -> 45896 | J61: =IFERROR(INDEX(Events!$A:$A,MATCH(I61,Events!$G:$G,0)),"") | K61: =IF(I61="","",IF(MONTH(I61+1)<>MONTH(I61),"",I61+1)) -> 45897 | L61: =IFERROR(INDEX(Events!$A:$A,MATCH(K61,Events!$G:$G,0)),"") | M61: =IF(K61="","",IF(MONTH(K61+1)<>MONTH(K61),"",K61+1)) -> 45898 | N61: =IFERROR(INDEX(Events!$A:$A,MATCH(M61,Events!$G:$G,0)),"") | O61: =IF(M61="","",IF(MONTH(M61+1)<>MONTH(M61),"",M61+1)) -> 45899 | P61: =IFERROR(INDEX(Events!$A:$A,MATCH(O61,Events!$G:$G,0)),"") | R61: week 9
E62: WW Load Run | G62: WW Load Run | I62: WW Load Run | K62: WW Load Run | M62: WW Load Run | O62: WW Load Run
E63: EPM Dashboard | G63: EPM Dashboard | I63: EPM Dashboard | K63: EPM Dashboard | M63: EPM Dashboard | O63: EPM Dashboard
E64: Daily Load report | G64: Daily Load report | I64: Daily Load report | K64: Daily Load report | M64: Daily Load report | O64: Daily Load report
C65: =IFERROR(INDEX(Events!$A:$A,MATCH(C61,Events!$J:$J,0)),"") | E65: =IFERROR(INDEX(Events!$A:$A,MATCH(E61,Events!$J:$J,0)),"") | G65: =IFERROR(INDEX(Events!$A:$A,MATCH(G61,Events!$J:$J,0)),"") | I65: =IFERROR(INDEX(Events!$A:$A,MATCH(I61,Events!$J:$J,0)),"") | K65: =IFERROR(INDEX(Events!$A:$A,MATCH(K61,Events!$J:$J,0)),"") | M65: =IFERROR(INDEX(Events!$A:$A,MATCH(M61,Events!$J:$J,0)),"") | O65: =IFERROR(INDEX(Events!$A:$A,MATCH(O61,Events!$J:$J,0)),"")
C66: =IF(O61="","",IF(MONTH(O61+1)<>MONTH(O61),"",O61+1)) -> 45900 | D66: =IFERROR(INDEX(Events!$A:$A,MATCH(C66,Events!$G:$G,0)),"") | E66: =IF(C66="","",IF(MONTH(C66+1)<>MONTH(C66),"",C66+1)) | F66: =IFERROR(INDEX(Events!$A:$A,MATCH(E66,Events!$G:$G,0)),"")
C67: =IFERROR(INDEX(Events!$A:$A,MATCH(C66,Events!$H:$H,0)),"")
C68: =IFERROR(INDEX(Events!$A:$A,MATCH(C66,Events!$H:$H,0)),"") | E68: =IFERROR(INDEX(Events!$A:$A,MATCH(E66,Events!$H:$H,0)),"")
C69: =IFERROR(INDEX(Events!$A:$A,MATCH(C66,Events!$I:$I,0)),"") | E69: =IFERROR(INDEX(Events!$A:$A,MATCH(E66,Events!$I:$I,0)),"") | I69: =D72 -> 45901
C70: =IFERROR(INDEX(Events!$A:$A,MATCH(C66,Events!$J:$J,0)),"") | E70: =IFERROR(INDEX(Events!$A:$A,MATCH(E66,Events!$J:$J,0)),"")
C72: Date: | D72: =DATE(YEAR('Q1'!$D$7),MONTH('Q1'!$D$7)+8,1) -> 45901
A73: =D72 -> 45901 | C73: Sunday | E73: Monday | G73: Tuesday | I73: Wednesday | K73: Thursday | M73: Friday | O73: Saturday | R73: week
C74: =IF(WEEKDAY($D$72,1)=startday,$D$72,"") | D74: =IFERROR(INDEX(Events!$A:$A,MATCH(C74,Events!$G:$G,0)),"") | E74: =IF(C74="",IF(WEEKDAY($D$72,1)=MOD(startday,7)+1,$D$72,""),C74+1) -> 45901 | F74: =IFERROR(INDEX(Events!$A:$A,MATCH(E74,Events!$G:$G,0)),"") -> Labor Day | G74: =IF(E74="",IF(WEEKDAY($D$72,1)=MOD(startday+1,7)+1,$D$72,""),E74+1) -> 45902 | H74: W1 | I74: =IF(G74="",IF(WEEKDAY($D$72,1)=MOD(startday+2,7)+1,$D$72,""),G74+1) -> 45903 | J74: W2 | K74: =IF(I74="",IF(WEEKDAY($D$72,1)=MOD(startday+3,7)+1,$D$72,""),I74+1) -> 45904 | L74: W3 | M74: =IF(K74="",IF(WEEKDAY($D$72,1)=MOD(startday+4,7)+1,$D$72,""),K74+1) -> 45905 | N74: W4 | O74: =IF(M74="",IF(WEEKDAY($D$72,1)=MOD(startday+5,7)+1,$D$72,""),M74+1) -> 45906 | P74: =IFERROR(INDEX(Events!$A:$A,MATCH(O74,Events!$G:$G,0)),"") | R74: week 10
E75: WW Load Run | G75: WW Load Run | I75: WW Load Run | K75: WW Load Run | M75: WW Load Run | O75: =IFERROR(INDEX(Events!$A:$A,MATCH(O74,Events!$H:$H,0)),"")
C76: =IFERROR(INDEX(Events!$A:$A,MATCH(C74,Events!$H:$H,0)),"") | E76: EPM Dashboard | G76: EPM Dashboard | I76: EPM Dashboard | K76: EPM Dashboard | M76: EPM Dashboard | O76: =IFERROR(INDEX(Events!$A:$A,MATCH(O74,Events!$H:$H,0)),"")
C77: =IFERROR(INDEX(Events!$A:$A,MATCH(C74,Events!$I:$I,0)),"") | E77: Daily Load report | G77: Daily Load report | I77: Daily Load report | K77: Daily Load report | M77: Daily Load report | O77: =IFERROR(INDEX(Events!$A:$A,MATCH(O74,Events!$I:$I,0)),"")
C78: =IFERROR(INDEX(Events!$A:$A,MATCH(C74,Events!$J:$J,0)),"") | E78: =IFERROR(INDEX(Events!$A:$A,MATCH(E74,Events!$J:$J,0)),"") | G78: August Month End | I78: Month roll | K78: =IFERROR(INDEX(Events!$A:$A,MATCH(K74,Events!$J:$J,0)),"") | M78: =IFERROR(INDEX(Events!$A:$A,MATCH(M74,Events!$J:$J,0)),"") | O78: =IFERROR(INDEX(Events!$A:$A,MATCH(O74,Events!$J:$J,0)),"")
C79: =IF(O74="","",IF(MONTH(O74+1)<>MONTH(O74),"",O74+1)) -> 45907 | D79: =IFERROR(INDEX(Events!$A:$A,MATCH(C79,Events!$G:$G,0)),"") -> Grandparents Day | E79: =IF(C79="","",IF(MONTH(C79+1)<>MONTH(C79),"",C79+1)) -> 45908 | F79: W5 | G79: =IF(E79="","",IF(MONTH(E79+1)<>MONTH(E79),"",E79+1)) -> 45909 | H79: W6 | I79: =IF(G79="","",IF(MONTH(G79+1)<>MONTH(G79),"",G79+1)) -> 45910 | J79: W7 | K79: =IF(I79="","",IF(MONTH(I79+1)<>MONTH(I79),"",I79+1)) -> 45911 | L79: W8 | M79: =IF(K79="","",IF(MONTH(K79+1)<>MONTH(K79),"",K79+1)) -> 45912 | N79: W9 | O79: =IF(M79="","",IF(MONTH(M79+1)<>MONTH(M79),"",M79+1)) -> 45913 | P79: =IFERROR(INDEX(Events!$A:$A,MATCH(O79,Events!$G:$G,0)),"") | R79: week 11
E80: WW Load Run | G80: WW Load Run | I80: WW Load Run | K80: WW Load Run | M80: WW Load Run | O80: =IFERROR(INDEX(Events!$A:$A,MATCH(O79,Events!$H:$H,0)),"")
E81: EPM Dashboard | G81: EPM Dashboard | I81: EPM Dashboard | K81: EPM Dashboard | M81: EPM Dashboard | O81: =IFERROR(INDEX(Events!$A:$A,MATCH(O79,Events!$H:$H,0)),"")
E82: Daily Load report | G82: Daily Load report | I82: Daily Load report | K82: Daily Load report | M82: Daily Load report | O82: =IFERROR(INDEX(Events!$A:$A,MATCH(O79,Events!$I:$I,0)),"")
C83: =IFERROR(INDEX(Events!$A:$A,MATCH(C79,Events!$J:$J,0)),"") | E83: =IFERROR(INDEX(Events!$A:$A,MATCH(E79,Events!$J:$J,0)),"") | G83: =IFERROR(INDEX(Events!$A:$A,MATCH(G79,Events!$J:$J,0)),"") | I83: =IFERROR(INDEX(Events!$A:$A,MATCH(I79,Events!$J:$J,0)),"") | K83: GTN update | L83: =IFERROR(INDEX([1]Events!C:C,MATCH(K83,[1]Events!#REF!,0)),"") | M83: L2L Alignment | N83: =IFERROR(INDEX([1]Events!E:E,MATCH(M83,[1]Events!#REF!,0)),"") | O83: =IFERROR(INDEX(Events!$A:$A,MATCH(O79,Events!$J:$J,0)),"")
C84: =IF(O79="","",IF(MONTH(O79+1)<>MONTH(O79),"",O79+1)) -> 45914 | D84: =IFERROR(INDEX(Events!$A:$A,MATCH(C84,Events!$G:$G,0)),"") | E84: =IF(C84="","",IF(MONTH(C84+1)<>MONTH(C84),"",C84+1)) -> 45915 | F84: =IFERROR(INDEX(Events!$A:$A,MATCH(E84,Events!$G:$G,0)),"") | G84: =IF(E84="","",IF(MONTH(E84+1)<>MONTH(E84),"",E84+1)) -> 45916 | H84: =IFERROR(INDEX(Events!$A:$A,MATCH(G84,Events!$G:$G,0)),"") | I84: =IF(G84="","",IF(MONTH(G84+1)<>MONTH(G84),"",G84+1)) -> 45917 | J84: =IFERROR(INDEX(Events!$A:$A,MATCH(I84,Events!$G:$G,0)),"") -> Constitution Day | K84: =IF(I84="","",IF(MONTH(I84+1)<>MONTH(I84),"",I84+1)) -> 45918 | L84: =IFERROR(INDEX(Events!$A:$A,MATCH(K84,Events!$G:$G,0)),"") | M84: =IF(K84="","",IF(MONTH(K84+1)<>MONTH(K84),"",K84+1)) -> 45919 | N84: =IFERROR(INDEX(Events!$A:$A,MATCH(M84,Events!$G:$G,0)),"") | O84: =IF(M84="","",IF(MONTH(M84+1)<>MONTH(M84),"",M84+1)) -> 45920 | P84: =IFERROR(INDEX(Events!$A:$A,MATCH(O84,Events!$G:$G,0)),"") | R84: week 12
E85: WW Load Run | G85: WW Load Run | I85: WW Load Run | K85: WW Load Run | M85: WW Load Run | O85: WW Load Run
E86: EPM Dashboard | G86: EPM Dashboard | I86: EPM Dashboard | K86: EPM Dashboard | M86: EPM Dashboard | O86: EPM Dashboard
E87: Daily Load report | G87: Daily Load report | I87: Daily Load report | K87: Daily Load report | M87: Daily Load report | O87: Daily Load report
C88: =IFERROR(INDEX(Events!$A:$A,MATCH(C84,Events!$J:$J,0)),"") | E88: =IFERROR(INDEX(Events!$A:$A,MATCH(E84,Events!$J:$J,0)),"") | G88: =IFERROR(INDEX(Events!$A:$A,MATCH(G84,Events!$J:$J,0)),"") | I88: =IFERROR(INDEX(Events!$A:$A,MATCH(I84,Events!$J:$J,0)),"") | K88: =IFERROR(INDEX(Events!$A:$A,MATCH(K84,Events!$J:$J,0)),"") | M88: =IFERROR(INDEX(Events!$A:$A,MATCH(M84,Events!$J:$J,0)),"") | O88: =IFERROR(INDEX(Events!$A:$A,MATCH(O84,Events!$J:$J,0)),"")
C89: =IF(O84="","",IF(MONTH(O84+1)<>MONTH(O84),"",O84+1)) -> 45921 | D89: =IFERROR(INDEX(Events!$A:$A,MATCH(C89,Events!$G:$G,0)),"") | E89: =IF(C89="","",IF(MONTH(C89+1)<>MONTH(C89),"",C89+1)) -> 45922 | F89: =IFERROR(INDEX(Events!$A:$A,MATCH(E89,Events!$G:$G,0)),"") -> Autumnal equinox (GMT) | G89: =IF(E89="","",IF(MONTH(E89+1)<>MONTH(E89),"",E89+1)) -> 45923 | H89: =IFERROR(INDEX(Events!$A:$A,MATCH(G89,Events!$G:$G,0)),"") -> Rosh Hashanah | I89: =IF(G89="","",IF(MONTH(G89+1)<>MONTH(G89),"",G89+1)) -> 45924 | J89: =IFERROR(INDEX(Events!$A:$A,MATCH(I89,Events!$G:$G,0)),"") | K89: =IF(I89="","",IF(MONTH(I89+1)<>MONTH(I89),"",I89+1)) -> 45925 | L89: =IFERROR(INDEX(Events!$A:$A,MATCH(K89,Events!$G:$G,0)),"") | M89: =IF(K89="","",IF(MONTH(K89+1)<>MONTH(K89),"",K89+1)) -> 45926 | N89: =IFERROR(INDEX(Events!$A:$A,MATCH(M89,Events!$G:$G,0)),"") | O89: =IF(M89="","",IF(MONTH(M89+1)<>MONTH(M89),"",M89+1)) -> 45927 | P89: =IFERROR(INDEX(Events!$A:$A,MATCH(O89,Events!$G:$G,0)),"") | R89: week 13
E90: WW Load Run | G90: WW Load Run | I90: WW Load Run | K90: WW Load Run | M90: WW Load Run | O90: WW Load Run
E91: EPM Dashboard | G91: EPM Dashboard | I91: EPM Dashboard | K91: EPM Dashboard | M91: EPM Dashboard | O91: EPM Dashboard
E92: Daily Load report | G92: Daily Load report | I92: Daily Load report | K92: Daily Load report | M92: Daily Load report | O92: Daily Load report
C93: =IFERROR(INDEX(Events!$A:$A,MATCH(C89,Events!$J:$J,0)),"") | E93: =IFERROR(INDEX(Events!$A:$A,MATCH(E89,Events!$J:$J,0)),"") | G93: =IFERROR(INDEX(Events!$A:$A,MATCH(G89,Events!$J:$J,0)),"") | I93: =IFERROR(INDEX(Events!$A:$A,MATCH(I89,Events!$J:$J,0)),"") | K93: =IFERROR(INDEX(Events!$A:$A,MATCH(K89,Events!$J:$J,0)),"") | M93: =IFERROR(INDEX(Events!$A:$A,MATCH(M89,Events!$J:$J,0)),"") | O93: =IFERROR(INDEX(Events!$A:$A,MATCH(O89,Events!$J:$J,0)),"")
C94: =IF(O89="","",IF(MONTH(O89+1)<>MONTH(O89),"",O89+1)) -> 45928 | D94: =IFERROR(INDEX(Events!$A:$A,MATCH(C94,Events!$G:$G,0)),"") | E94: =IF(C94="","",IF(MONTH(C94+1)<>MONTH(C94),"",C94+1)) -> 45929 | F94: =IFERROR(INDEX(Events!$A:$A,MATCH(E94,Events!$G:$G,0)),"") | G94: =IF(E94="","",IF(MONTH(E94+1)<>MONTH(E94),"",E94+1)) -> 45930 | H94: =IFERROR(INDEX(Events!$A:$A,MATCH(G94,Events!$G:$G,0)),"") | I94: =IF(G94="",IF(WEEKDAY($D$7,1)=MOD(startday+1,7)+1,$D$7,""),G94+1) -> 45931 | J94: W1 | K94: =IF(I94="","",IF(MONTH(I94+1)<>MONTH(I94),"",I94+1)) -> 45932 | L94: =IFERROR(INDEX(Events!$A:$A,MATCH(K94,Events!$G:$G,0)),"") -> Yom Kippur | M94: =IF(K94="","",IF(MONTH(K94+1)<>MONTH(K94),"",K94+1)) -> 45933 | N94: =IFERROR(INDEX(Events!$A:$A,MATCH(M94,Events!$G:$G,0)),"") | O94: =IF(M94="","",IF(MONTH(M94+1)<>MONTH(M94),"",M94+1)) -> 45934 | P94: =IFERROR(INDEX(Events!$A:$A,MATCH(O94,Events!$G:$G,0)),"") | R94: week 13 (cont)
C95: WW Load Run | E95: WW Load Run | G95: WW Load Run | I95: Final Load | J95: =IFERROR(INDEX([1]Events!#REF!,MATCH(I95,[1]Events!G:G,0)),"") | K95: WW courtesy run
C96: EPM Dashboard | E96: EPM Dashboard | G96: EPM Dashboard | I96: WW Load Run | K96: =IFERROR(INDEX(Events!$A:$A,MATCH(K94,Events!$H:$H,0)),"") | M96: =IFERROR(INDEX(Events!$A:$A,MATCH(M94,Events!$H:$H,0)),"") | O96: =IFERROR(INDEX(Events!$A:$A,MATCH(O94,Events!$H:$H,0)),"")
C97: Daily Load report | E97: Daily Load report | G97: Daily Load report | I97: Blackout | K97: =IFERROR(INDEX(Events!$A:$A,MATCH(K94,Events!$I:$I,0)),"") | M97: =IFERROR(INDEX(Events!$A:$A,MATCH(M94,Events!$I:$I,0)),"") | O97: =IFERROR(INDEX(Events!$A:$A,MATCH(O94,Events!$I:$I,0)),"")
C98: =IFERROR(INDEX(Events!$A:$A,MATCH(C94,Events!$J:$J,0)),"") | E98: =IFERROR(INDEX(Events!$A:$A,MATCH(E94,Events!$J:$J,0)),"") | G98: =IFERROR(INDEX(Events!$A:$A,MATCH(G94,Events!$J:$J,0)),"") | I98: =IFERROR(INDEX(Events!$A:$A,MATCH(I94,Events!$J:$J,0)),"") | K98: =IFERROR(INDEX(Events!$A:$A,MATCH(K94,Events!$J:$J,0)),"") | M98: =IFERROR(INDEX(Events!$A:$A,MATCH(M94,Events!$J:$J,0)),"") | O98: =IFERROR(INDEX(Events!$A:$A,MATCH(O94,Events!$J:$J,0)),"")
C99: =IF(O94="","",IF(MONTH(O94+1)<>MONTH(O94),"",O94+1)) -> 45935 | D99: =IFERROR(INDEX(Events!$A:$A,MATCH(C99,Events!$G:$G,0)),"") | E99: =IF(C99="","",IF(MONTH(C99+1)<>MONTH(C99),"",C99+1)) -> 45936 | F99: =IFERROR(INDEX(Events!$A:$A,MATCH(E99,Events!$G:$G,0)),"")
C100: =IFERROR(INDEX(Events!$A:$A,MATCH(C99,Events!$H:$H,0)),"") | E100: =IFERROR(INDEX(Events!$A:$A,MATCH(E99,Events!$H:$H,0)),"")
C101: =IFERROR(INDEX(Events!$A:$A,MATCH(C99,Events!$I:$I,0)),"") | E101: =IFERROR(INDEX(Events!$A:$A,MATCH(E99,Events!$I:$I,0)),"") | P101: https://www.vertex42.com/calendars/quarterly-calendar.html
C102: =IFERROR(INDEX(Events!$A:$A,MATCH(C99,Events!$J:$J,0)),"") | E102: =IFERROR(INDEX(Events!$A:$A,MATCH(E99,Events!$J:$J,0)),"") | P102: Quarterly Calendar Template © 2015 by Vertex42 LLC. Free to print

Sheet Q2
C5: Load Calendar
C7: Date: | D7: =DATE(YEAR('Q1'!$D$7),MONTH('Q1'!$D$7)+3,1) -> 45748
A8: =D7 -> 45748 | C8: Sunday | E8: Monday | G8: Tuesday | I8: Wednesday | K8: Thursday | M8: Friday | O8: Saturday | R8: week
C9: =IF(WEEKDAY($D$7,1)=startday,$D$7,"") | D9: =IFERROR(INDEX(Events!$A:$A,MATCH(C9,Events!$G:$G,0)),"") | E9: =IF(C9="",IF(WEEKDAY($D$7,1)=MOD(startday,7)+1,$D$7,""),C9+1) | F9: =IFERROR(INDEX(Events!$A:$A,MATCH(E9,Events!$G:$G,0)),"") | G9: =IF(E9="",IF(WEEKDAY($D$7,1)=MOD(startday+1,7)+1,$D$7,""),E9+1) -> 45748 | H9: W1 | I9: =IF(G9="",IF(WEEKDAY($D$7,1)=MOD(startday+2,7)+1,$D$7,""),G9+1) -> 45749 | J9: W2 | K9: =IF(I9="",IF(WEEKDAY($D$7,1)=MOD(startday+3,7)+1,$D$7,""),I9+1) -> 45750 | L9: W3 | M9: =IF(K9="",IF(WEEKDAY($D$7,1)=MOD(startday+4,7)+1,$D$7,""),K9+1) -> 45751 | N9: W4 | O9: =IF(M9="",IF(WEEKDAY($D$7,1)=MOD(startday+5,7)+1,$D$7,""),M9+1) -> 45752 | P9: W5 | R9: week 1
C10: =IFERROR(INDEX(Events!$A:$A,MATCH(C9,Events!$H:$H,0)),"") | D10: =IFERROR(INDEX(Events!#REF!,MATCH(C10,Events!A:A,0)),"") | E10: =IFERROR(INDEX(Events!$A:$A,MATCH(E9,Events!$H:$H,0)),"") | F10: =IFERROR(INDEX(Events!#REF!,MATCH(E10,Events!C:C,0)),"") | G10: WW Load Run | I10: WW courtesy run | K10: No WW Load Run | M10: No WW Load Run | O10: =IFERROR(INDEX(Events!$A:$A,MATCH(O9,Events!$H:$H,0)),"") | P10: =IFERROR(INDEX(Events!G:G,MATCH(O10,Events!K:K,0)),"")
G11: Final Load | H11: =IFERROR(INDEX(Events!#REF!,MATCH(G11,Events!E:E,0)),"") | I11: =IFERROR(INDEX(Events!$A:$A,MATCH(I8,Events!$I:$I,0)),"") | K11: =IFERROR(INDEX(Events!$A:$A,MATCH(K8,Events!$I:$I,0)),"") | M11: =IFERROR(INDEX(Events!$A:$A,MATCH(M8,Events!$I:$I,0)),"") | O11: =IFERROR(INDEX(Events!$A:$A,MATCH(O8,Events!$I:$I,0)),"")
C12: =IFERROR(INDEX(Events!$A:$A,MATCH(C9,Events!$I:$I,0)),"") | E12: =IFERROR(INDEX(Events!$A:$A,MATCH(E9,Events!$I:$I,0)),"") | I12: =IFERROR(INDEX(Events!$A:$A,MATCH(I9,Events!$I:$I,0)),"") | K12: =IFERROR(INDEX(Events!$A:$A,MATCH(K9,Events!$I:$I,0)),"") | M12: =IFERROR(INDEX(Events!$A:$A,MATCH(M9,Events!$I:$I,0)),"") | O12: =IFERROR(INDEX(Events!$A:$A,MATCH(O9,Events!$I:$I,0)),"")
C13: =IFERROR(INDEX(Events!$A:$A,MATCH(C9,Events!$J:$J,0)),"") | E13: =IFERROR(INDEX(Events!$A:$A,MATCH(E9,Events!$J:$J,0)),"") | G13: Blackout | I13: =IFERROR(INDEX(Events!$A:$A,MATCH(I9,Events!$J:$J,0)),"") | K13: =IFERROR(INDEX(Events!$A:$A,MATCH(K9,Events!$J:$J,0)),"") | M13: =IFERROR(INDEX(Events!$A:$A,MATCH(M9,Events!$J:$J,0)),"") | O13: =IFERROR(INDEX(Events!$A:$A,MATCH(O9,Events!$J:$J,0)),"")
C14: =IF(O9="","",IF(MONTH(O9+1)<>MONTH(O9),"",O9+1)) -> 45753 | D14: =IFERROR(INDEX(Events!$A:$A,MATCH(C14,Events!$G:$G,0)),"") | E14: =IF(C14="","",IF(MONTH(C14+1)<>MONTH(C14),"",C14+1)) -> 45754 | F14: W6 | G14: =IF(E14="","",IF(MONTH(E14+1)<>MONTH(E14),"",E14+1)) -> 45755 | H14: W7 | I14: =IF(G14="","",IF(MONTH(G14+1)<>MONTH(G14),"",G14+1)) -> 45756 | J14: W8 | K14: =IF(I14="","",IF(MONTH(I14+1)<>MONTH(I14),"",I14+1)) -> 45757 | L14: W9 | M14: =IF(K14="","",IF(MONTH(K14+1)<>MONTH(K14),"",K14+1)) -> 45758 | N14: W10 | O14: =IF(M14="","",IF(MONTH(M14+1)<>MONTH(M14),"",M14+1)) -> 45759 | P14: =IFERROR(INDEX(Events!$A:$A,MATCH(O14,Events!$G:$G,0)),"") | R14: week 2
C15: No WW Load Run | E15: No WW Load Run | G15: No WW Load Run | I15: GTN update | J15: =IFERROR(INDEX(Events!A:A,MATCH(I15,Events!#REF!,0)),"") | K15: =IFERROR(INDEX(Events!$A:$A,MATCH(K14,Events!$H:$H,0)),"") | L15: =IFERROR(INDEX(Events!#REF!,MATCH(K15,Events!I:I,0)),"") | M15: =IFERROR(INDEX(Events!$A:$A,MATCH(M14,Events!$H:$H,0)),"") | N15: =IFERROR(INDEX(Events!#REF!,MATCH(M15,Events!K:K,0)),"") | O15: =IFERROR(INDEX(Events!$A:$A,MATCH(O14,Events!$H:$H,0)),"") | P15: =IFERROR(INDEX(Events!#REF!,MATCH(O15,Events!M:M,0)),"")
C16: =IFERROR(INDEX(Events!$A:$A,MATCH(C14,Events!$H:$H,0)),"") | D16: =IFERROR(INDEX(Events!#REF!,MATCH(C16,Events!A:A,0)),"") | E16: =IFERROR(INDEX(Events!$A:$A,MATCH(E14,Events!$H:$H,0)),"") | F16: =IFERROR(INDEX(Events!#REF!,MATCH(E16,Events!C:C,0)),"") | G16: AUR valuation | I16: Roll to next qtr | J16: =IFERROR(INDEX(Events!#REF!,MATCH(I16,Events!G:G,0)),"") | K16: =IFERROR(INDEX(Events!$A:$A,MATCH(K14,Events!$H:$H,0)),"") | L16: =IFERROR(INDEX(Events!#REF!,MATCH(K16,Events!I:I,0)),"") | M16: =IFERROR(INDEX(Events!$A:$A,MATCH(M14,Events!$H:$H,0)),"") | N16: =IFERROR(INDEX(Events!#REF!,MATCH(M16,Events!K:K,0)),"") | O16: =IFERROR(INDEX(Events!$A:$A,MATCH(O14,Events!$H:$H,0)),"") | P16: =IFERROR(INDEX(Events!#REF!,MATCH(O16,Events!M:M,0)),"")
C17: =IFERROR(INDEX(Events!$A:$A,MATCH(C14,Events!$I:$I,0)),"") | E17: =IFERROR(INDEX(Events!$A:$A,MATCH(E14,Events!$I:$I,0)),"") | G17: =IFERROR(INDEX(Events!$A:$A,MATCH(G15,Events!$H:$H,0)),"") | H17: =IFERROR(INDEX(Events!#REF!,MATCH(G17,Events!E:E,0)),"") | I17: WW Load Run | K17: WW Load Run | M17: WW Load Run | O17: =IFERROR(INDEX(Events!$A:$A,MATCH(O14,Events!$I:$I,0)),"")
C18: =IFERROR(INDEX(Events!$A:$A,MATCH(C14,Events!$J:$J,0)),"") | E18: =IFERROR(INDEX(Events!$A:$A,MATCH(E14,Events!$J:$J,0)),"") | G18: =IFERROR(INDEX(Events!$A:$A,MATCH(G14,Events!$J:$J,0)),"") | I18: Daily Load report | K18: Daily Load report | M18: Daily Load report | O18: =IFERROR(INDEX(Events!$A:$A,MATCH(O14,Events!$J:$J,0)),"")
C19: =IF(O14="","",IF(MONTH(O14+1)<>MONTH(O14),"",O14+1)) -> 45760 | E19: =IF(C19="","",IF(MONTH(C19+1)<>MONTH(C19),"",C19+1)) -> 45761 | F19: =IFERROR(INDEX(Events!$A:$A,MATCH(E19,Events!$G:$G,0)),"") | G19: =IF(E19="","",IF(MONTH(E19+1)<>MONTH(E19),"",E19+1)) -> 45762 | I19: =IF(G19="","",IF(MONTH(G19+1)<>MONTH(G19),"",G19+1)) -> 45763 | J19: =IFERROR(INDEX(Events!$A:$A,MATCH(I19,Events!$G:$G,0)),"") | K19: =IF(I19="","",IF(MONTH(I19+1)<>MONTH(I19),"",I19+1)) -> 45764 | L19: =IFERROR(INDEX(Events!$A:$A,MATCH(K19,Events!$G:$G,0)),"") | M19: =IF(K19="","",IF(MONTH(K19+1)<>MONTH(K19),"",K19+1)) -> 45765 | N19: =IFERROR(INDEX(Events!$A:$A,MATCH(M19,Events!$G:$G,0)),"") -> Good Friday | O19: =IF(M19="","",IF(MONTH(M19+1)<>MONTH(M19),"",M19+1)) -> 45766 | P19: =IFERROR(INDEX(Events!$A:$A,MATCH(O19,Events!$G:$G,0)),"") | R19: week 3
C20: =IFERROR(INDEX(Events!$A:$A,MATCH(C19,Events!$H:$H,0)),"") | D20: =IFERROR(INDEX(Events!#REF!,MATCH(C20,Events!A:A,0)),"") | E20: =IFERROR(INDEX(Events!$A:$A,MATCH(E19,Events!$H:$H,0)),"") | F20: =IFERROR(INDEX(Events!#REF!,MATCH(E20,Events!C:C,0)),"") | G20: =IFERROR(INDEX(Events!$A:$A,MATCH(G19,Events!$H:$H,0)),"") | H20: =IFERROR(INDEX(Events!#REF!,MATCH(G20,Events!E:E,0)),"") | I20: =IFERROR(INDEX(Events!$A:$A,MATCH(I19,Events!$H:$H,0)),"") | J20: =IFERROR(INDEX(Events!#REF!,MATCH(I20,Events!G:G,0)),"") | K20: =IFERROR(INDEX(Events!$A:$A,MATCH(K19,Events!$H:$H,0)),"") | L20: =IFERROR(INDEX(Events!#REF!,MATCH(K20,Events!I:I,0)),"") | M20: =IFERROR(INDEX(Events!$A:$A,MATCH(M19,Events!$H:$H,0)),"") | N20: =IFERROR(INDEX(Events!#REF!,MATCH(M20,Events!K:K,0)),"") | O20: =IFERROR(INDEX(Events!$A:$A,MATCH(O19,Events!$H:$H,0)),"") | P20: =IFERROR(INDEX(Events!#REF!,MATCH(O20,Events!M:M,0)),"")
C21: WW Load Run | E21: WW Load Run | G21: WW Load Run | I21: WW Load Run | K21: WW Load Run | M21: WW Load Run | O21: =IFERROR(INDEX(Events!$A:$A,MATCH(O19,Events!$H:$H,0)),"") | P21: =IFERROR(INDEX(Events!#REF!,MATCH(O21,Events!M:M,0)),"")
C22: =IFERROR(INDEX(Events!$A:$A,MATCH(C19,Events!$I:$I,0)),"") | E22: EPM Dashboard | G22: =IFERROR(INDEX(Events!$A:$A,MATCH(G19,Events!$I:$I,0)),"") | I22: =IFERROR(INDEX(Events!$A:$A,MATCH(I19,Events!$I:$I,0)),"") | K22: =IFERROR(INDEX(Events!$A:$A,MATCH(K19,Events!$I:$I,0)),"") | M22: =IFERROR(INDEX(Events!$A:$A,MATCH(M19,Events!$I:$I,0)),"") | O22: =IFERROR(INDEX(Events!$A:$A,MATCH(O19,Events!$I:$I,0)),"")
C23: =IFERROR(INDEX(Events!$A:$A,MATCH(C19,Events!$J:$J,0)),"") | E23: Daily Load report | G23: Daily Load report | I23: Daily Load report | K23: Daily Load report | M23: Daily Load report | O23: =IFERROR(INDEX(Events!$A:$A,MATCH(O19,Events!$J:$J,0)),"")
C24: =IF(O19="","",IF(MONTH(O19+1)<>MONTH(O19),"",O19+1)) -> 45767 | D24: =IFERROR(INDEX(Events!$A:$A,MATCH(C24,Events!$G:$G,0)),"") -> Easter | E24: =IF(C24="","",IF(MONTH(C24+1)<>MONTH(C24),"",C24+1)) -> 45768 | F24: =IFERROR(INDEX(Events!$A:$A,MATCH(E24,Events!$G:$G,0)),"") | G24: =IF(E24="","",IF(MONTH(E24+1)<>MONTH(E24),"",E24+1)) -> 45769 | I24: =IF(G24="","",IF(MONTH(G24+1)<>MONTH(G24),"",G24+1)) -> 45770 | K24: =IF(I24="","",IF(MONTH(I24+1)<>MONTH(I24),"",I24+1)) -> 45771 | L24: =IFERROR(INDEX(Events!$A:$A,MATCH(K24,Events!$G:$G,0)),"") | M24: =IF(K24="","",IF(MONTH(K24+1)<>MONTH(K24),"",K24+1)) -> 45772 | N24: =IFERROR(INDEX(Events!$A:$A,MATCH(M24,Events!$G:$G,0)),"") | O24: =IF(M24="","",IF(MONTH(M24+1)<>MONTH(M24),"",M24+1)) -> 45773 | P24: =IFERROR(INDEX(Events!$A:$A,MATCH(O24,Events!$G:$G,0)),"") | R24: week 4
C25: =IFERROR(INDEX(Events!$A:$A,MATCH(C24,Events!$H:$H,0)),"") | D25: =IFERROR(INDEX(Events!#REF!,MATCH(C25,Events!A:A,0)),"") | E25: =IFERROR(INDEX(Events!$A:$A,MATCH(E24,Events!$H:$H,0)),"") | F25: =IFERROR(INDEX(Events!#REF!,MATCH(E25,Events!C:C,0)),"") | G25: =IFERROR(INDEX(Events!$A:$A,MATCH(G24,Events!$H:$H,0)),"") | H25: =IFERROR(INDEX(Events!#REF!,MATCH(G25,Events!E:E,0)),"") | I25: PRELIM EARNINGS | J25: =IFERROR(INDEX(Events!A:A,MATCH(I25,Events!G:G,0)),"") | K25: =IFERROR(INDEX(Events!$A:$A,MATCH(K24,Events!$H:$H,0)),"") | L25: =IFERROR(INDEX(Events!#REF!,MATCH(K25,Events!I:I,0)),"") | M25: =IFERROR(INDEX(Events!$A:$A,MATCH(M24,Events!$H:$H,0)),"") | N25: =IFERROR(INDEX(Events!#REF!,MATCH(M25,Events!K:K,0)),"") | O25: =IFERROR(INDEX(Events!$A:$A,MATCH(O24,Events!$H:$H,0)),"") | P25: =IFERROR(INDEX(Events!#REF!,MATCH(O25,Events!M:M,0)),"")
C26: WW Load Run | E26: WW Load Run | G26: WW Load Run | I26: WW Load Run | K26: WW Load Run | M26: WW Load Run | O26: =IFERROR(INDEX(Events!$A:$A,MATCH(O24,Events!$H:$H,0)),"") | P26: =IFERROR(INDEX(Events!#REF!,MATCH(O26,Events!M:M,0)),"")
C27: =IFERROR(INDEX(Events!$A:$A,MATCH(C24,Events!$I:$I,0)),"") | E27: EPM Dashboard | G27: =IFERROR(INDEX(Events!$A:$A,MATCH(G24,Events!$I:$I,0)),"") | I27: =IFERROR(INDEX(Events!$A:$A,MATCH(I24,Events!$I:$I,0)),"") | K27: =IFERROR(INDEX(Events!$A:$A,MATCH(K24,Events!$I:$I,0)),"") | M27: =IFERROR(INDEX(Events!$A:$A,MATCH(M24,Events!$I:$I,0)),"") | O27: =IFERROR(INDEX(Events!$A:$A,MATCH(O24,Events!$I:$I,0)),"")
C28: =IFERROR(INDEX(Events!$A:$A,MATCH(C24,Events!$J:$J,0)),"") | E28: Daily Load report | G28: Daily Load report | I28: Daily Load report | K28: Daily Load report | M28: Daily Load report | O28: =IFERROR(INDEX(Events!$A:$A,MATCH(O24,Events!$J:$J,0)),"")
C29: =IF(O24="","",IF(MONTH(O24+1)<>MONTH(O24),"",O24+1)) -> 45774 | D29: =IFERROR(INDEX(Events!$A:$A,MATCH(C29,Events!$G:$G,0)),"") | E29: =IF(C29="","",IF(MONTH(C29+1)<>MONTH(C29),"",C29+1)) -> 45775 | F29: =IFERROR(INDEX(Events!$A:$A,MATCH(E29,Events!$G:$G,0)),"") | G29: =IF(E29="","",IF(MONTH(E29+1)<>MONTH(E29),"",E29+1)) -> 45776 | H29: =IFERROR(INDEX(Events!$A:$A,MATCH(G29,Events!$G:$G,0)),"") | I29: =IF(G29="","",IF(MONTH(G29+1)<>MONTH(G29),"",G29+1)) -> 45777 | J29: =IFERROR(INDEX(Events!$A:$A,MATCH(I29,Events!$G:$G,0)),"") | K29: =IF(I29="","",IF(MONTH(I29+1)<>MONTH(I29),"",I29+1)) | L29: =IFERROR(INDEX(Events!$A:$A,MATCH(K29,Events!$G:$G,0)),"") | M29: =IF(K29="","",IF(MONTH(K29+1)<>MONTH(K29),"",K29+1)) | N29: =IFERROR(INDEX(Events!$A:$A,MATCH(M29,Events!$G:$G,0)),"") | O29: =IF(M29="","",IF(MONTH(M29+1)<>MONTH(M29),"",M29+1)) | P29: =IFERROR(INDEX(Events!$A:$A,MATCH(O29,Events!$G:$G,0)),"") | R29: week 5
C30: =IFERROR(INDEX(Events!$A:$A,MATCH(C29,Events!$H:$H,0)),"") | D30: =IFERROR(INDEX(Events!#REF!,MATCH(C30,Events!A:A,0)),"") | E30: =IFERROR(INDEX(Events!$A:$A,MATCH(E28,Events!$H:$H,0)),"") | F30: =IFERROR(INDEX(Events!#REF!,MATCH(E30,Events!C:C,0)),"") | G30: =IFERROR(INDEX(Events!$A:$A,MATCH(G28,Events!$H:$H,0)),"") | H30: =IFERROR(INDEX(Events!#REF!,MATCH(G30,Events!E:E,0)),"") | I30: =IFERROR(INDEX(Events!$A:$A,MATCH(I28,Events!$H:$H,0)),"") | J30: =IFERROR(INDEX(Events!A:A,MATCH(I30,Events!G:G,0)),"")
C31: WW Load Run | E31: WW Load Run | G31: WW Load Run | I31: WW Load Run | K31: =IFERROR(INDEX(Events!$A:$A,MATCH(K29,Events!$H:$H,0)),"") | L31: =IFERROR(INDEX(Events!C:C,MATCH(K31,Events!I:I,0)),"") | M31: =IFERROR(INDEX(Events!$A:$A,MATCH(M29,Events!$H:$H,0)),"") | N31: =IFERROR(INDEX(Events!E:E,MATCH(M31,Events!#REF!,0)),"") | O31: =IFERROR(INDEX(Events!$A:$A,MATCH(O29,Events!$H:$H,0)),"") | P31: =IFERROR(INDEX(Events!G:G,MATCH(O31,Events!K:K,0)),"")
C32: =IFERROR(INDEX(Events!$A:$A,MATCH(C29,Events!$I:$I,0)),"") | E32: EPM Dashboard | G32: EPM Dashboard | I32: EPM Dashboard | K32: =IFERROR(INDEX(Events!$A:$A,MATCH(K29,Events!$I:$I,0)),"") | M32: =IFERROR(INDEX(Events!$A:$A,MATCH(M29,Events!$I:$I,0)),"") | O32: =IFERROR(INDEX(Events!$A:$A,MATCH(O29,Events!$I:$I,0)),"")
C33: =IFERROR(INDEX(Events!$A:$A,MATCH(C29,Events!$J:$J,0)),"") | E33: Daily Load report | G33: Daily Load report | I33: Daily Load report | K33: =IFERROR(INDEX(Events!$A:$A,MATCH(K29,Events!$J:$J,0)),"") | M33: =IFERROR(INDEX(Events!$A:$A,MATCH(M29,Events!$J:$J,0)),"") | O33: =IFERROR(INDEX(Events!$A:$A,MATCH(O29,Events!$J:$J,0)),"")
C34: =IF(O29="","",IF(MONTH(O29+1)<>MONTH(O29),"",O29+1)) | D34: =IFERROR(INDEX(Events!$A:$A,MATCH(C34,Events!$G:$G,0)),"") | E34: =IF(C34="","",IF(MONTH(C34+1)<>MONTH(C34),"",C34+1)) | F34: =IFERROR(INDEX(Events!$A:$A,MATCH(E34,Events!$G:$G,0)),"")
C35: =IFERROR(INDEX(Events!$A:$A,MATCH(C34,Events!$H:$H,0)),"") | D35: =IFERROR(INDEX(Events!#REF!,MATCH(C35,Events!A:A,0)),"") | E35: =IFERROR(INDEX(Events!$A:$A,MATCH(E34,Events!$H:$H,0)),"") | F35: =IFERROR(INDEX(Events!#REF!,MATCH(E35,Events!C:C,0)),"")
C36: =IFERROR(INDEX(Events!$A:$A,MATCH(C34,Events!$I:$I,0)),"") | E36: =IFERROR(INDEX(Events!$A:$A,MATCH(E34,Events!$I:$I,0)),"")
C37: =IFERROR(INDEX(Events!$A:$A,MATCH(C34,Events!$J:$J,0)),"") | E37: =IFERROR(INDEX(Events!$A:$A,MATCH(E34,Events!$J:$J,0)),"")
C39: Date: | D39: =DATE(YEAR('Q1'!$D$7),MONTH('Q1'!$D$7)+4,1) -> 45778
A40: =D39 -> 45778 | C40: Sunday | E40: Monday | G40: Tuesday | I40: Wednesday | K40: Thursday | M40: Friday | O40: Saturday | R40: week
C41: =IF(WEEKDAY($D$39,1)=startday,$D$39,"") | D41: =IFERROR(INDEX(Events!$A:$A,MATCH(C41,Events!$G:$G,0)),"") | E41: =IF(C41="",IF(WEEKDAY($D$39,1)=MOD(startday,7)+1,$D$39,""),C41+1) | F41: =IFERROR(INDEX(Events!$A:$A,MATCH(E41,Events!$G:$G,0)),"") | G41: =IF(E41="",IF(WEEKDAY($D$39,1)=MOD(startday+1,7)+1,$D$39,""),E41+1) | H41: =IFERROR(INDEX(Events!$A:$A,MATCH(G41,Events!$G:$G,0)),"") | I41: =IF(G41="",IF(WEEKDAY($D$39,1)=MOD(startday+2,7)+1,$D$39,""),G41+1) | J41: =IFERROR(INDEX(Events!$A:$A,MATCH(I41,Events!$G:$G,0)),"") | K41: =IF(I41="",IF(WEEKDAY($D$39,1)=MOD(startday+3,7)+1,$D$39,""),I41+1) -> 45778 | L41: =IFERROR(INDEX(Events!$A:$A,MATCH(K41,Events!$G:$G,0)),"") | M41: =IF(K41="",IF(WEEKDAY($D$39,1)=MOD(startday+4,7)+1,$D$39,""),K41+1) -> 45779 | N41: W1 | O41: =IF(M41="",IF(WEEKDAY($D$39,1)=MOD(startday+5,7)+1,$D$39,""),M41+1) -> 45780 | P41: =IFERROR(INDEX(Events!$A:$A,MATCH(O41,Events!$G:$G,0)),"") | R41: week 5 (cont)
C42: =IFERROR(INDEX(Events!$A:$A,MATCH(C41,Events!$H:$H,0)),"") | E42: =IFERROR(INDEX(Events!$A:$A,MATCH(E41,Events!$H:$H,0)),"") | G42: =IFERROR(INDEX(Events!$A:$A,MATCH(G41,Events!$H:$H,0)),"") | I42: =IFERROR(INDEX(Events!$A:$A,MATCH(I41,Events!$H:$H,0)),"") | K42: LABOR DAY | M42: April Final | O42: =IFERROR(INDEX(Events!$A:$A,MATCH(O41,Events!$H:$H,0)),"")
C43: =IFERROR(INDEX(Events!$A:$A,MATCH(C41,Events!$I:$I,0)),"") | E43: =IFERROR(INDEX(Events!$A:$A,MATCH(E41,Events!$I:$I,0)),"") | G43: =IFERROR(INDEX(Events!$A:$A,MATCH(G41,Events!$I:$I,0)),"") | I43: =IFERROR(INDEX(Events!$A:$A,MATCH(I41,Events!$I:$I,0)),"") | K43: NON-US | M43: EPM Dashboard | O43: =IFERROR(INDEX(Events!$A:$A,MATCH(O41,Events!$I:$I,0)),"")
O44: =IFERROR(INDEX(Events!$A:$A,MATCH(O43,Events!$H:$H,0)),"")
C45: =IFERROR(INDEX(Events!$A:$A,MATCH(C41,Events!$J:$J,0)),"") | E45: =IFERROR(INDEX(Events!$A:$A,MATCH(E41,Events!$J:$J,0)),"") | G45: =IFERROR(INDEX(Events!$A:$A,MATCH(G41,Events!$J:$J,0)),"") | I45: =IFERROR(INDEX(Events!$A:$A,MATCH(I41,Events!$J:$J,0)),"") | K45: =IFERROR(INDEX(Events!$A:$A,MATCH(K41,Events!$J:$J,0)),"") | M45: Daily Load report | O45: =IFERROR(INDEX(Events!$A:$A,MATCH(O41,Events!$J:$J,0)),"")
C46: =IF(O41="","",IF(MONTH(O41+1)<>MONTH(O41),"",O41+1)) -> 45781 | D46: =IFERROR(INDEX(Events!$A:$A,MATCH(C46,Events!$G:$G,0)),"") | E46: =IF(C46="","",IF(MONTH(C46+1)<>MONTH(C46),"",C46+1)) -> 45782 | F46: W2 | G46: =IF(E46="","",IF(MONTH(E46+1)<>MONTH(E46),"",E46+1)) -> 45783 | H46: W3 | I46: =IF(G46="","",IF(MONTH(G46+1)<>MONTH(G46),"",G46+1)) -> 45784 | J46: W4 | K46: =IF(I46="","",IF(MONTH(I46+1)<>MONTH(I46),"",I46+1)) -> 45785 | L46: W5 | M46: =IF(K46="","",IF(MONTH(K46+1)<>MONTH(K46),"",K46+1)) -> 45786 | N46: W6 | O46: =IF(M46="","",IF(MONTH(M46+1)<>MONTH(M46),"",M46+1)) -> 45787 | P46: =IFERROR(INDEX(Events!$A:$A,MATCH(O46,Events!$G:$G,0)),"") | R46: week 6
C47: =IFERROR(INDEX(Events!$A:$A,MATCH(C46,Events!$H:$H,0)),"") | E47: Month roll | G47: =IFERROR(INDEX(Events!$A:$A,MATCH(G46,Events!$H:$H,0)),"") | I47: =IFERROR(INDEX(Events!$A:$A,MATCH(I46,Events!$H:$H,0)),"") | K47: =IFERROR(INDEX(Events!$A:$A,MATCH(K46,Events!$H:$H,0)),"") | M47: GTN update | N47: =IFERROR(INDEX(Events!E:E,MATCH(M47,Events!#REF!,0)),"") | O47: =IFERROR(INDEX(Events!$A:$A,MATCH(O46,Events!$H:$H,0)),"")
C48: =IFERROR(INDEX(Events!$A:$A,MATCH(C46,Events!$I:$I,0)),"") | E48: EPM Dashboard | G48: =IFERROR(INDEX(Events!$A:$A,MATCH(G46,Events!$I:$I,0)),"") | I48: =IFERROR(INDEX(Events!$A:$A,MATCH(I46,Events!$I:$I,0)),"") | K48: =IFERROR(INDEX(Events!$A:$A,MATCH(K46,Events!$I:$I,0)),"") | M48: =IFERROR(INDEX(Events!$A:$A,MATCH(M47,Events!$H:$H,0)),"") | O48: =IFERROR(INDEX(Events!$A:$A,MATCH(O46,Events!$I:$I,0)),"")
C49: WW Load Run | E49: WW Load Run | G49: WW Load Run | I49: WW Load Run | K49: WW Load Run | M49: WW Load Run | O49: =IFERROR(INDEX(Events!$A:$A,MATCH(O46,Events!$J:$J,0)),"")
C50: =IFERROR(INDEX(Events!$A:$A,MATCH(C46,Events!$J:$J,0)),"") | E50: Daily Load report | G50: Daily Load report | I50: Daily Load report | K50: Daily Load report | M50: Daily Load report | O50: =IFERROR(INDEX(Events!$A:$A,MATCH(O46,Events!$J:$J,0)),"")
C51: =IF(O46="","",IF(MONTH(O46+1)<>MONTH(O46),"",O46+1)) -> 45788 | E51: =IF(C51="","",IF(MONTH(C51+1)<>MONTH(C51),"",C51+1)) -> 45789 | F51: W7 | G51: =IF(E51="","",IF(MONTH(E51+1)<>MONTH(E51),"",E51+1)) -> 45790 | H51: W8 | I51: =IF(G51="","",IF(MONTH(G51+1)<>MONTH(G51),"",G51+1)) -> 45791 | J51: W9 | K51: =IF(I51="","",IF(MONTH(I51+1)<>MONTH(I51),"",I51+1)) -> 45792 | L51: W10 | M51: =IF(K51="","",IF(MONTH(K51+1)<>MONTH(K51),"",K51+1)) -> 45793 | N51: W11 | O51: =IF(M51="","",IF(MONTH(M51+1)<>MONTH(M51),"",M51+1)) -> 45794 | R51: week 7
C52: =IFERROR(INDEX(Events!$A:$A,MATCH(C51,Events!$H:$H,0)),"") | E52: =IFERROR(INDEX(Events!$A:$A,MATCH(E51,Events!$H:$H,0)),"") | G52: =IFERROR(INDEX(Events!$A:$A,MATCH(G51,Events!$H:$H,0)),"") | I52: L2L Alignment | J52: =IFERROR(INDEX(Events!A:A,MATCH(I52,Events!#REF!,0)),"") | K52: =IFERROR(INDEX(Events!$A:$A,MATCH(K51,Events!$H:$H,0)),"") | M52: =IFERROR(INDEX(Events!$A:$A,MATCH(M51,Events!$H:$H,0)),"") | O52: =IFERROR(INDEX(Events!$A:$A,MATCH(O51,Events!$H:$H,0)),"")
C53: WW Load Run | E53: WW Load Run | G53: WW Load Run | I53: WW Load Run | K53: WW Load Run | M53: WW Load Run | O53: =IFERROR(INDEX(Events!$A:$A,MATCH(O51,Events!$I:$I,0)),"")
C54: =IFERROR(INDEX(Events!$A:$A,MATCH(C51,Events!$J:$J,0)),"") | E54: EPM Dashboard | G54: =IFERROR(INDEX(Events!$A:$A,MATCH(G51,Events!$I:$I,0)),"") | I54: =IFERROR(INDEX(Events!$A:$A,MATCH(I51,Events!$I:$I,0)),"") | K54: =IFERROR(INDEX(Events!$A:$A,MATCH(K51,Events!$I:$I,0)),"") | M54: =IFERROR(INDEX(Events!$A:$A,MATCH(M51,Events!$I:$I,0)),"") | O54: =IFERROR(INDEX(Events!$A:$A,MATCH(O51,Events!$I:$I,0)),"")
C55: =IFERROR(INDEX(Events!$A:$A,MATCH(C51,Events!$J:$J,0)),"") | E55: Daily Load report | G55: Daily Load report | I55: Daily Load report | K55: Daily Load report | M55: Daily Load report | O55: =IFERROR(INDEX(Events!$A:$A,MATCH(O51,Events!$J:$J,0)),"")
C56: =IF(O51="","",IF(MONTH(O51+1)<>MONTH(O51),"",O51+1)) -> 45795 | D56: =IFERROR(INDEX(Events!$A:$A,MATCH(C56,Events!$G:$G,0)),"") | E56: =IF(C56="","",IF(MONTH(C56+1)<>MONTH(C56),"",C56+1)) -> 45796 | G56: =IF(E56="","",IF(MONTH(E56+1)<>MONTH(E56),"",E56+1)) -> 45797 | H56: =IFERROR(INDEX(Events!$A:$A,MATCH(G56,Events!$G:$G,0)),"") | I56: =IF(G56="","",IF(MONTH(G56+1)<>MONTH(G56),"",G56+1)) -> 45798 | J56: =IFERROR(INDEX(Events!$A:$A,MATCH(I56,Events!$G:$G,0)),"") | K56: =IF(I56="","",IF(MONTH(I56+1)<>MONTH(I56),"",I56+1)) -> 45799 | L56: =IFERROR(INDEX(Events!$A:$A,MATCH(K56,Events!$G:$G,0)),"") | M56: =IF(K56="","",IF(MONTH(K56+1)<>MONTH(K56),"",K56+1)) -> 45800 | N56: =IFERROR(INDEX(Events!$A:$A,MATCH(M56,Events!$G:$G,0)),"") | O56: =IF(M56="","",IF(MONTH(M56+1)<>MONTH(M56),"",M56+1)) -> 45801 | P56: =IFERROR(INDEX(Events!$A:$A,MATCH(O56,Events!$G:$G,0)),"") | R56: week 8
C57: =IFERROR(INDEX(Events!$A:$A,MATCH(C56,Events!$H:$H,0)),"") | E57: =IFERROR(INDEX(Events!$A:$A,MATCH(E56,Events!$H:$H,0)),"") | G57: =IFERROR(INDEX(Events!$A:$A,MATCH(G56,Events!$H:$H,0)),"") | I57: =IFERROR(INDEX(Events!$A:$A,MATCH(I56,Events!$H:$H,0)),"") | K57: =IFERROR(INDEX(Events!$A:$A,MATCH(K56,Events!$H:$H,0)),"") | M57: =IFERROR(INDEX(Events!$A:$A,MATCH(M56,Events!$H:$H,0)),"") | O57: =IFERROR(INDEX(Events!$A:$A,MATCH(O56,Events!$H:$H,0)),"")
C58: WW Load Run | E58: WW Load Run | G58: WW Load Run | I58: WW Load Run | K58: WW Load Run | M58: WW Load Run | O58: =IFERROR(INDEX(Events!$A:$A,MATCH(O56,Events!$I:$I,0)),"")
C59: =IFERROR(INDEX(Events!$A:$A,MATCH(C56,Events!$J:$J,0)),"") | E59: EPM Dashboard | G59: =IFERROR(INDEX(Events!$A:$A,MATCH(G56,Events!$I:$I,0)),"") | I59: =IFERROR(INDEX(Events!$A:$A,MATCH(I56,Events!$I:$I,0)),"") | K59: =IFERROR(INDEX(Events!$A:$A,MATCH(K56,Events!$I:$I,0)),"") | M59: =IFERROR(INDEX(Events!$A:$A,MATCH(M56,Events!$I:$I,0)),"") | O59: =IFERROR(INDEX(Events!$A:$A,MATCH(O56,Events!$I:$I,0)),"")
C60: =IFERROR(INDEX(Events!$A:$A,MATCH(C56,Events!$J:$J,0)),"") | E60: Daily Load report | G60: Daily Load report | I60: Daily Load report | K60: Daily Load report | M60: Daily Load report | O60: =IFERROR(INDEX(Events!$A:$A,MATCH(O56,Events!$J:$J,0)),"")
C61: =IF(O56="","",IF(MONTH(O56+1)<>MONTH(O56),"",O56+1)) -> 45802 | D61: =IFERROR(INDEX(Events!$A:$A,MATCH(C61,Events!$G:$G,0)),"") | E61: =IF(C61="","",IF(MONTH(C61+1)<>MONTH(C61),"",C61+1)) -> 45803 | G61: =IF(E61="","",IF(MONTH(E61+1)<>MONTH(E61),"",E61+1)) -> 45804 | H61: =IFERROR(INDEX(Events!$A:$A,MATCH(G61,Events!$G:$G,0)),"") | I61: =IF(G61="","",IF(MONTH(G61+1)<>MONTH(G61),"",G61+1)) -> 45805 | J61: =IFERROR(INDEX(Events!$A:$A,MATCH(I61,Events!$G:$G,0)),"") | K61: =IF(I61="","",IF(MONTH(I61+1)<>MONTH(I61),"",I61+1)) -> 45806 | L61: =IFERROR(INDEX(Events!$A:$A,MATCH(K61,Events!$G:$G,0)),"") | M61: =IF(K61="","",IF(MONTH(K61+1)<>MONTH(K61),"",K61+1)) -> 45807 | N61: =IFERROR(INDEX(Events!$A:$A,MATCH(M61,Events!$G:$G,0)),"") | O61: =IF(M61="","",IF(MONTH(M61+1)<>MONTH(M61),"",M61+1)) -> 45808 | P61: =IFERROR(INDEX(Events!$A:$A,MATCH(O61,Events!$G:$G,0)),"") | R61: week 9
C62: =IFERROR(INDEX(Events!$A:$A,MATCH(C61,Events!$H:$H,0)),"") | E62: =IFERROR(INDEX(Events!$A:$A,MATCH(E61,Events!$H:$H,0)),"") | G62: =IFERROR(INDEX(Events!$A:$A,MATCH(G61,Events!$H:$H,0)),"") | I62: =IFERROR(INDEX(Events!$A:$A,MATCH(I61,Events!$H:$H,0)),"") | K62: =IFERROR(INDEX(Events!$A:$A,MATCH(K61,Events!$H:$H,0)),"") | M62: =IFERROR(INDEX(Events!$A:$A,MATCH(M61,Events!$H:$H,0)),"") | O62: =IFERROR(INDEX(Events!$A:$A,MATCH(O61,Events!$H:$H,0)),"")
C63: WW Load Run | E63: WW Load Run | G63: WW Load Run | I63: WW Load Run | K63: WW Load Run | M63: WW Load Run | O63: WW Load Run
C64: =IFERROR(INDEX(Events!$A:$A,MATCH(C61,Events!$J:$J,0)),"") | E64: EPM Dashboard | G64: =IFERROR(INDEX(Events!$A:$A,MATCH(G61,Events!$I:$I,0)),"") | I64: =IFERROR(INDEX(Events!$A:$A,MATCH(I61,Events!$I:$I,0)),"") | K64: =IFERROR(INDEX(Events!$A:$A,MATCH(K61,Events!$I:$I,0)),"") | M64: =IFERROR(INDEX(Events!$A:$A,MATCH(M61,Events!$I:$I,0)),"") | O64: =IFERROR(INDEX(Events!$A:$A,MATCH(O61,Events!$I:$I,0)),"")
C65: =IFERROR(INDEX(Events!$A:$A,MATCH(C61,Events!$J:$J,0)),"") | E65: Daily Load report | G65: Daily Load report | I65: Daily Load report | K65: Daily Load report | M65: Daily Load report | O65: Daily Load report
C66: =IF(O61="","",IF(MONTH(O61+1)<>MONTH(O61),"",O61+1)) | D66: =IFERROR(INDEX(Events!$A:$A,MATCH(C66,Events!$G:$G,0)),"") | E66: =IF(C66="","",IF(MONTH(C66+1)<>MONTH(C66),"",C66+1)) | F66: =IFERROR(INDEX(Events!$A:$A,MATCH(E66,Events!$G:$G,0)),"")
C67: =IFERROR(INDEX(Events!$A:$A,MATCH(C66,Events!$H:$H,0)),"") | E67: =IFERROR(INDEX(Events!$A:$A,MATCH(E66,Events!$H:$H,0)),"")
C68: =IFERROR(INDEX(Events!$A:$A,MATCH(C66,Events!$I:$I,0)),"") | E68: =IFERROR(INDEX(Events!$A:$A,MATCH(E66,Events!$I:$I,0)),"")
C69: =IFERROR(INDEX(Events!$A:$A,MATCH(C66,Events!$J:$J,0)),"") | E69: =IFERROR(INDEX(Events!$A:$A,MATCH(E66,Events!$J:$J,0)),"")
C71: Date: | D71: =DATE(YEAR('Q1'!$D$7),MONTH('Q1'!$D$7)+5,1) -> 45809
A72: =D71 -> 45809 | C72: Sunday | E72: Monday | G72: Tuesday | I72: Wednesday | K72: Thursday | M72: Friday | O72: Saturday | R72: week
C73: =IF(WEEKDAY($D$71,1)=startday,$D$71,"") -> 45809 | D73: =IFERROR(INDEX(Events!$A:$A,MATCH(C73,Events!$G:$G,0)),"") | E73: =IF(C73="",IF(WEEKDAY($D$39,1)=MOD(startday+4,7)+1,$D$39,""),C73+1) -> 45810 | F73: W1 | G73: =IF(E73="",IF(WEEKDAY($D$71,1)=MOD(startday+1,7)+1,$D$71,""),E73+1) -> 45811 | H73: W2 | I73: =IF(G73="",IF(WEEKDAY($D$71,1)=MOD(startday+2,7)+1,$D$71,""),G73+1) -> 45812 | J73: W3 | K73: =IF(I73="",IF(WEEKDAY($D$71,1)=MOD(startday+3,7)+1,$D$71,""),I73+1) -> 45813 | L73: W4 | M73: =IF(K73="",IF(WEEKDAY($D$71,1)=MOD(startday+4,7)+1,$D$71,""),K73+1) -> 45814 | N73: W5 | O73: =IF(M73="",IF(WEEKDAY($D$71,1)=MOD(startday+5,7)+1,$D$71,""),M73+1) -> 45815 | P73: =IFERROR(INDEX(Events!$A:$A,MATCH(O73,Events!$G:$G,0)),"") | R73: week 10
C74: =IFERROR(INDEX(Events!$A:$A,MATCH(C73,Events!$H:$H,0)),"") | E74: May Final | G74: Month roll | I74: =IFERROR(INDEX(Events!$A:$A,MATCH(I73,Events!$H:$H,0)),"") | K74: =IFERROR(INDEX(Events!$A:$A,MATCH(K73,Events!$H:$H,0)),"") | M74: =IFERROR(INDEX(Events!$A:$A,MATCH(M73,Events!$H:$H,0)),"") | O74: =IFERROR(INDEX(Events!$A:$A,MATCH(O73,Events!$H:$H,0)),"")
C75: =IFERROR(INDEX(Events!$A:$A,MATCH(C73,Events!$I:$I,0)),"") | G75: =IFERROR(INDEX(Events!$A:$A,MATCH(G72,Events!$I:$I,0)),"") | I75: =IFERROR(INDEX(Events!$A:$A,MATCH(I72,Events!$I:$I,0)),"") | K75: =IFERROR(INDEX(Events!$A:$A,MATCH(K72,Events!$I:$I,0)),"") | M75: =IFERROR(INDEX(Events!$A:$A,MATCH(M72,Events!$I:$I,0)),"") | O75: =IFERROR(INDEX(Events!$A:$A,MATCH(O72,Events!$I:$I,0)),"")
C76: WW Load Run | E76: EPM Dashboard | G76: =IFERROR(INDEX(Events!$A:$A,MATCH(G73,Events!$I:$I,0)),"") | I76: =IFERROR(INDEX(Events!$A:$A,MATCH(I73,Events!$I:$I,0)),"") | K76: =IFERROR(INDEX(Events!$A:$A,MATCH(K73,Events!$I:$I,0)),"") | M76: =IFERROR(INDEX(Events!$A:$A,MATCH(M73,Events!$I:$I,0)),"") | O76: =IFERROR(INDEX(Events!$A:$A,MATCH(O73,Events!$I:$I,0)),"")
E77: Daily Load report | G77: Daily Load report | I77: Daily Load report | K77: Daily Load report | M77: Daily Load report | O77: =IFERROR(INDEX(Events!$A:$A,MATCH(O73,Events!$J:$J,0)),"")
C78: =IF(O73="","",IF(MONTH(O73+1)<>MONTH(O73),"",O73+1)) -> 45816 | E78: =IF(C78="","",IF(MONTH(C78+1)<>MONTH(C78),"",C78+1)) -> 45817 | F78: W6 | G78: =IF(E78="","",IF(MONTH(E78+1)<>MONTH(E78),"",E78+1)) -> 45818 | H78: W7 | I78: =IF(G78="","",IF(MONTH(G78+1)<>MONTH(G78),"",G78+1)) -> 45819 | J78: W8 | K78: =IF(I78="","",IF(MONTH(I78+1)<>MONTH(I78),"",I78+1)) -> 45820 | L78: W9 | M78: =IF(K78="","",IF(MONTH(K78+1)<>MONTH(K78),"",K78+1)) -> 45821 | N78: W10 | O78: =IF(M78="","",IF(MONTH(M78+1)<>MONTH(M78),"",M78+1)) -> 45822 | R78: week 11
C79: =IFERROR(INDEX(Events!$A:$A,MATCH(C78,Events!$H:$H,0)),"") | E79: GTN update | F79: =IFERROR(INDEX(Events!#REF!,MATCH(E79,Events!#REF!,0)),"") | I79: =IFERROR(INDEX(Events!$A:$A,MATCH(I78,Events!$H:$H,0)),"") | K79: L2L Alignment | L79: =IFERROR(INDEX(Events!E:E,MATCH(K79,Events!#REF!,0)),"") | O79: =IFERROR(INDEX(Events!$A:$A,MATCH(O78,Events!$H:$H,0)),"")
C80: WW Load Run | E80: WW Load Run | G80: WW Load Run | I80: WW Load Run | K80: WW Load Run | M80: WW Load Run | O80: =IFERROR(INDEX(Events!$A:$A,MATCH(O78,Events!$I:$I,0)),"")
C81: =IFERROR(INDEX(Events!$A:$A,MATCH(C78,Events!$I:$I,0)),"") | E81: EPM Dashboard | G81: =IFERROR(INDEX(Events!$A:$A,MATCH(G78,Events!$I:$I,0)),"") | I81: =IFERROR(INDEX(Events!$A:$A,MATCH(I78,Events!$I:$I,0)),"") | K81: =IFERROR(INDEX(Events!$A:$A,MATCH(K78,Events!$I:$I,0)),"") | M81: =IFERROR(INDEX(Events!$A:$A,MATCH(M78,Events!$I:$I,0)),"")
C82: =IFERROR(INDEX(Events!$A:$A,MATCH(C78,Events!$J:$J,0)),"") | E82: Daily Load report | G82: Daily Load report | I82: Daily Load report | K82: Daily Load report | M82: Daily Load report | O82: =IFERROR(INDEX(Events!$A:$A,MATCH(O78,Events!$J:$J,0)),"")
C83: =IF(O78="","",IF(MONTH(O78+1)<>MONTH(O78),"",O78+1)) -> 45823 | E83: =IF(C83="","",IF(MONTH(C83+1)<>MONTH(C83),"",C83+1)) -> 45824 | F83: =IFERROR(INDEX(Events!$A:$A,MATCH(E83,Events!$G:$G,0)),"") | G83: =IF(E83="","",IF(MONTH(E83+1)<>MONTH(E83),"",E83+1)) -> 45825 | H83: =IFERROR(INDEX(Events!$A:$A,MATCH(G83,Events!$G:$G,0)),"") | I83: =IF(G83="","",IF(MONTH(G83+1)<>MONTH(G83),"",G83+1)) -> 45826 | J83: =IFERROR(INDEX(Events!$A:$A,MATCH(I83,Events!$G:$G,0)),"") | K83: =IF(I83="","",IF(MONTH(I83+1)<>MONTH(I83),"",I83+1)) -> 45827 | M83: =IF(K83="","",IF(MONTH(K83+1)<>MONTH(K83),"",K83+1)) -> 45828 | N83: =IFERROR(INDEX(Events!$A:$A,MATCH(M83,Events!$G:$G,0)),"") | O83: =IF(M83="","",IF(MONTH(M83+1)<>MONTH(M83),"",M83+1)) -> 45829 | R83: week 12
C84: =IFERROR(INDEX(Events!$A:$A,MATCH(C83,Events!$H:$H,0)),"") | E84: =IFERROR(INDEX(Events!$A:$A,MATCH(E83,Events!$H:$H,0)),"") | G84: =IFERROR(INDEX(Events!$A:$A,MATCH(G83,Events!$H:$H,0)),"") | I84: =IFERROR(INDEX(Events!$A:$A,MATCH(I83,Events!$H:$H,0)),"") | K84: =IFERROR(INDEX(Events!$A:$A,MATCH(K83,Events!$H:$H,0)),"") | M84: =IFERROR(INDEX(Events!$A:$A,MATCH(M83,Events!$H:$H,0)),"") | O84: =IFERROR(INDEX(Events!$A:$A,MATCH(O83,Events!$H:$H,0)),"")
C85: WW Load Run | E85: WW Load Run | G85: WW Load Run | I85: WW Load Run | K85: WW Load Run | M85: WW Load Run | O85: WW Load Run
C86: =IFERROR(INDEX(Events!$A:$A,MATCH(C83,Events!$J:$J,0)),"") | E86: EPM Dashboard | G86: EPM Dashboard | I86: EPM Dashboard | K86: EPM Dashboard | M86: EPM Dashboard | O86: =IFERROR(INDEX(Events!$A:$A,MATCH(O83,Events!$I:$I,0)),"")
C87: =IFERROR(INDEX(Events!$A:$A,MATCH(C83,Events!$J:$J,0)),"") | E87: Daily Load report | G87: Daily Load report | I87: Daily Load report | K87: Daily Load report | M87: Daily Load report | O87: Daily Load report
C88: =IF(O83="","",IF(MONTH(O83+1)<>MONTH(O83),"",O83+1)) -> 45830 | D88: =IFERROR(INDEX(Events!$A:$A,MATCH(C88,Events!$G:$G,0)),"") | E88: =IF(C88="","",IF(MONTH(C88+1)<>MONTH(C88),"",C88+1)) -> 45831 | F88: =IFERROR(INDEX(Events!$A:$A,MATCH(E88,Events!$G:$G,0)),"") | G88: =IF(E88="","",IF(MONTH(E88+1)<>MONTH(E88),"",E88+1)) -> 45832 | H88: =IFERROR(INDEX(Events!$A:$A,MATCH(G88,Events!$G:$G,0)),"") | I88: =IF(G88="","",IF(MONTH(G88+1)<>MONTH(G88),"",G88+1)) -> 45833 | J88: =IFERROR(INDEX(Events!$A:$A,MATCH(I88,Events!$G:$G,0)),"") | K88: =IF(I88="","",IF(MONTH(I88+1)<>MONTH(I88),"",I88+1)) -> 45834 | L88: =IFERROR(INDEX(Events!$A:$A,MATCH(K88,Events!$G:$G,0)),"") | M88: =IF(K88="","",IF(MONTH(K88+1)<>MONTH(K88),"",K88+1)) -> 45835 | N88: =IFERROR(INDEX(Events!$A:$A,MATCH(M88,Events!$G:$G,0)),"") | O88: =IF(M88="","",IF(MONTH(M88+1)<>MONTH(M88),"",M88+1)) -> 45836 | P88: =IFERROR(INDEX(Events!$A:$A,MATCH(O88,Events!$G:$G,0)),"") | R88: week 13
C89: =IFERROR(INDEX(Events!$A:$A,MATCH(C88,Events!$H:$H,0)),"") | E89: =IFERROR(INDEX(Events!$A:$A,MATCH(E87,Events!$H:$H,0)),"") | G89: =IFERROR(INDEX(Events!$A:$A,MATCH(G87,Events!$H:$H,0)),"") | I89: =IFERROR(INDEX(Events!$A:$A,MATCH(I87,Events!$H:$H,0)),"") | K89: =IFERROR(INDEX(Events!$A:$A,MATCH(K87,Events!$H:$H,0)),"") | M89: =IFERROR(INDEX(Events!$A:$A,MATCH(M87,Events!$H:$H,0)),"") | O89: =IFERROR(INDEX(Events!$A:$A,MATCH(O87,Events!$H:$H,0)),"")
C90: WW Load Run | E90: WW Load Run | G90: WW Load Run | I90: WW Load Run | K90: WW Load Run | M90: WW Load Run | O90: WW Load Run
C91: =IFERROR(INDEX(Events!$A:$A,MATCH(C88,Events!$J:$J,0)),"") | E91: EPM Dashboard | G91: EPM Dashboard | I91: EPM Dashboard | K91: EPM Dashboard | M91: EPM Dashboard | O91: EPM Dashboard
C92: =IFERROR(INDEX(Events!$A:$A,MATCH(C88,Events!$J:$J,0)),"") | E92: Daily Load report | G92: Daily Load report | I92: Daily Load report | K92: Daily Load report | M92: Daily Load report | O92: Daily Load report
C93: =IF(O88="","",IF(MONTH(O88+1)<>MONTH(O88),"",O88+1)) -> 45837 | D93: =IFERROR(INDEX(Events!$A:$A,MATCH(C93,Events!$G:$G,0)),"") | E93: =IF(C93="","",IF(MONTH(C93+1)<>MONTH(C93),"",C93+1)) -> 45838 | F93: =IFERROR(INDEX(Events!$A:$A,MATCH(E93,Events!$G:$G,0)),"") | G93: =IF(E93="",IF(WEEKDAY($D$7,1)=MOD(startday+1,7)+1,$D$7,""),E93+1) -> 45839 | H93: W1 | I93: =IF(G93="","",IF(MONTH(G93+1)<>MONTH(G93),"",G93+1)) -> 45840 | J93: =IFERROR(INDEX(Events!$A:$A,MATCH(I93,Events!$G:$G,0)),"") | K93: =IF(I93="","",IF(MONTH(I93+1)<>MONTH(I93),"",I93+1)) -> 45841 | L93: =IFERROR(INDEX(Events!$A:$A,MATCH(K93,Events!$G:$G,0)),"") | M93: =IF(K93="","",IF(MONTH(K93+1)<>MONTH(K93),"",K93+1)) -> 45842 | N93: =IFERROR(INDEX(Events!$A:$A,MATCH(M93,Events!$G:$G,0)),"") -> Independence Day | O93: =IF(M93="","",IF(MONTH(M93+1)<>MONTH(M93),"",M93+1)) -> 45843 | P93: =IFERROR(INDEX(Events!$A:$A,MATCH(O93,Events!$G:$G,0)),"") | R93: week 13 (cont)
C94: =IFERROR(INDEX(Events!$A:$A,MATCH(C93,Events!$H:$H,0)),"") | E94: =IFERROR(INDEX(Events!$A:$A,MATCH(E92,Events!$H:$H,0)),"") | G94: Final Load | H94: =IFERROR(INDEX(Events!#REF!,MATCH(G94,Events!E:E,0)),"") | I94: WW courtesy run | K94: =IFERROR(INDEX(Events!$A:$A,MATCH(K92,Events!$H:$H,0)),"") | M94: =IFERROR(INDEX(Events!$A:$A,MATCH(M92,Events!$H:$H,0)),"") | O94: =IFERROR(INDEX(Events!$A:$A,MATCH(O92,Events!$H:$H,0)),"")
C95: WW Load Run | E95: WW Load Run | G95: WW Load Run | I95: =IFERROR(INDEX(Events!$A:$A,MATCH(I93,Events!$H:$H,0)),"") | K95: =IFERROR(INDEX(Events!$A:$A,MATCH(K93,Events!$H:$H,0)),"") | M95: =IFERROR(INDEX(Events!$A:$A,MATCH(M93,Events!$H:$H,0)),"") | O95: =IFERROR(INDEX(Events!$A:$A,MATCH(O93,Events!$H:$H,0)),"")
C96: EPM Dashboard | E96: EPM Dashboard | I96: =IFERROR(INDEX(Events!$A:$A,MATCH(I93,Events!$I:$I,0)),"") | K96: =IFERROR(INDEX(Events!$A:$A,MATCH(K93,Events!$I:$I,0)),"") | M96: =IFERROR(INDEX(Events!$A:$A,MATCH(M93,Events!$I:$I,0)),"") | O96: =IFERROR(INDEX(Events!$A:$A,MATCH(O93,Events!$I:$I,0)),"")
C97: Daily Load report | E97: Daily Load report | G97: Blackout | I97: =IFERROR(INDEX(Events!$A:$A,MATCH(I93,Events!$J:$J,0)),"") | K97: =IFERROR(INDEX(Events!$A:$A,MATCH(K93,Events!$J:$J,0)),"") | M97: =IFERROR(INDEX(Events!$A:$A,MATCH(M93,Events!$J:$J,0)),"") | O97: =IFERROR(INDEX(Events!$A:$A,MATCH(O93,Events!$J:$J,0)),"")
C98: =IF(O93="","",IF(MONTH(O93+1)<>MONTH(O93),"",O93+1)) -> 45844 | D98: =IFERROR(INDEX(Events!$A:$A,MATCH(C98,Events!$G:$G,0)),"") | E98: =IF(C98="","",IF(MONTH(C98+1)<>MONTH(C98),"",C98+1)) -> 45845 | F98: =IFERROR(INDEX(Events!$A:$A,MATCH(E98,Events!$G:$G,0)),"") | R98: week 13 (cont)
C99: =IFERROR(INDEX(Events!$A:$A,MATCH(C98,Events!$H:$H,0)),"") | E99: =IFERROR(INDEX(Events!$A:$A,MATCH(E98,Events!$H:$H,0)),"")
C100: =IFERROR(INDEX(Events!$A:$A,MATCH(C98,Events!$I:$I,0)),"") | E100: =IFERROR(INDEX(Events!$A:$A,MATCH(E98,Events!$I:$I,0)),"")
C101: =IFERROR(INDEX(Events!$A:$A,MATCH(C98,Events!$J:$J,0)),"") | E101: =IFERROR(INDEX(Events!$A:$A,MATCH(E98,Events!$J:$J,0)),"")

Sheet Q4
C5: Load Calendar
C7: Date: | D7: =DATE(YEAR('Q1'!$D$7),MONTH('Q1'!$D$7)+9,1) -> 45931
A8: =D7 -> 45931 | C8: Sunday | E8: Monday | G8: Tuesday | I8: Wednesday | K8: Thursday | M8: Friday | O8: Saturday | R8: week
C9: =IF(WEEKDAY($D$7,1)=startday,$D$7,"") | D9: =IFERROR(INDEX(Events!$A:$A,MATCH(C9,Events!$G:$G,0)),"") | E9: =IF(C9="",IF(WEEKDAY($D$7,1)=MOD(startday,7)+1,$D$7,""),C9+1) | F9: =IFERROR(INDEX(Events!$A:$A,MATCH(E9,Events!$G:$G,0)),"") | G9: =IF(E9="",IF(WEEKDAY($D$7,1)=MOD(startday+1,7)+1,$D$7,""),E9+1) | H9: =IFERROR(INDEX(Events!$A:$A,MATCH(G9,Events!$G:$G,0)),"") | I9: =IF(G9="",IF(WEEKDAY($D$7,1)=MOD(startday+2,7)+1,$D$7,""),G9+1) -> 45931 | J9: W1 | K9: =IF(I9="",IF(WEEKDAY($D$7,1)=MOD(startday+2,7)+1,$D$7,""),I9+1) -> 45932 | L9: W2 | M9: =IF(K9="",IF(WEEKDAY($D$7,1)=MOD(startday+3,7)+1,$D$7,""),K9+1) -> 45933 | N9: W3 | O9: =IF(M9="",IF(WEEKDAY($D$7,1)=MOD(startday+4,7)+1,$D$7,""),M9+1) -> 45934 | R9: week 1
I10: Final Load | J10: =IFERROR(INDEX(Events!#REF!,MATCH(I10,Events!G:G,0)),"") | K10: WW courtesy run | M10: No WW Load Run | O10: =IFERROR(INDEX(Events!$A:$A,MATCH(O8,Events!$H:$H,0)),"") | P10: =IFERROR(INDEX(Events!G:G,MATCH(O10,Events!K:K,0)),"")
C11: =IFERROR(INDEX(Events!$A:$A,MATCH(C9,Events!$H:$H,0)),"") | D11: =IFERROR(INDEX(Events!#REF!,MATCH(C11,Events!A:A,0)),"") | E11: =IFERROR(INDEX(Events!$A:$A,MATCH(E9,Events!$H:$H,0)),"") | F11: =IFERROR(INDEX(Events!#REF!,MATCH(E11,Events!C:C,0)),"") | G11: =IFERROR(INDEX(Events!$A:$A,MATCH(G9,Events!$H:$H,0)),"") | H11: =IFERROR(INDEX(Events!#REF!,MATCH(G11,Events!E:E,0)),"") | I11: WW Load Run | K11: =IFERROR(INDEX(Events!$A:$A,MATCH(K10,Events!$H:$H,0)),"") | M11: =IFERROR(INDEX(Events!$A:$A,MATCH(M10,Events!$H:$H,0)),"") | O11: =IFERROR(INDEX(Events!$A:$A,MATCH(O9,Events!$H:$H,0)),"") | P11: =IFERROR(INDEX(Events!G:G,MATCH(O11,Events!K:K,0)),"")
C12: =IFERROR(INDEX(Events!$A:$A,MATCH(C9,Events!$I:$I,0)),"") | E12: =IFERROR(INDEX(Events!$A:$A,MATCH(E9,Events!$I:$I,0)),"") | G12: =IFERROR(INDEX(Events!$A:$A,MATCH(G9,Events!$I:$I,0)),"") | K12: =IFERROR(INDEX(Events!$A:$A,MATCH(K9,Events!$I:$I,0)),"") | M12: =IFERROR(INDEX(Events!$A:$A,MATCH(M9,Events!$I:$I,0)),"") | O12: =IFERROR(INDEX(Events!$A:$A,MATCH(O9,Events!$I:$I,0)),"")
C13: =IFERROR(INDEX(Events!$A:$A,MATCH(C9,Events!$J:$J,0)),"") | E13: =IFERROR(INDEX(Events!$A:$A,MATCH(E9,Events!$J:$J,0)),"") | G13: =IFERROR(INDEX(Events!$A:$A,MATCH(G9,Events!$J:$J,0)),"") | I13: Blackout | K13: =IFERROR(INDEX(Events!$A:$A,MATCH(K9,Events!$J:$J,0)),"") | M13: =IFERROR(INDEX(Events!$A:$A,MATCH(M9,Events!$J:$J,0)),"") | O13: =IFERROR(INDEX(Events!$A:$A,MATCH(O9,Events!$J:$J,0)),"")
C14: =IF(O9="","",IF(MONTH(O9+1)<>MONTH(O9),"",O9+1)) -> 45935 | D14: =IFERROR(INDEX(Events!$A:$A,MATCH(C14,Events!$G:$G,0)),"") | E14: =IF(C14="","",IF(MONTH(C14+1)<>MONTH(C14),"",C14+1)) -> 45936 | F14: W4 | G14: =IF(E14="","",IF(MONTH(E14+1)<>MONTH(E14),"",E14+1)) -> 45937 | H14: W5 | I14: =IF(G14="","",IF(MONTH(G14+1)<>MONTH(G14),"",G14+1)) -> 45938 | J14: W6 | K14: =IF(I14="","",IF(MONTH(I14+1)<>MONTH(I14),"",I14+1)) -> 45939 | L14: W7 | M14: =IF(K14="","",IF(MONTH(K14+1)<>MONTH(K14),"",K14+1)) -> 45940 | N14: W8 | O14: =IF(M14="","",IF(MONTH(M14+1)<>MONTH(M14),"",M14+1)) -> 45941 | P14: =IFERROR(INDEX(Events!$A:$A,MATCH(O14,Events!$G:$G,0)),"") | R14: week 2
C15: No WW Load Run | E15: No WW Load Run | G15: No WW Load Run | I15: No WW Load Run | K15: WW Load Run | M15: WW Load Run | O15: =IFERROR(INDEX(Events!$A:$A,MATCH(O14,Events!$H:$H,0)),"")
C16: =IFERROR(INDEX(Events!$A:$A,MATCH(C14,Events!$H:$H,0)),"") | D16: =IFERROR(INDEX(Events!#REF!,MATCH(C16,Events!A:A,0)),"") | E16: =IFERROR(INDEX(Events!$A:$A,MATCH(E14,Events!$H:$H,0)),"") | F16: =IFERROR(INDEX(Events!#REF!,MATCH(E16,Events!C:C,0)),"") | G16: =IFERROR(INDEX(Events!$A:$A,MATCH(G14,Events!$H:$H,0)),"") | H16: =IFERROR(INDEX(Events!#REF!,MATCH(G16,Events!E:E,0)),"") | I16: Roll to next qtr | J16: =IFERROR(INDEX(Events!#REF!,MATCH(I16,Events!G:G,0)),"") | K16: EPM Dashboard | M16: EPM Dashboard | O16: =IFERROR(INDEX(Events!$A:$A,MATCH(O14,Events!$H:$H,0)),"") | P16: =IFERROR(INDEX(Events!G:G,MATCH(O16,Events!K:K,0)),"")
C17: =IFERROR(INDEX(Events!$A:$A,MATCH(C14,Events!$I:$I,0)),"") | E17: =IFERROR(INDEX(Events!$A:$A,MATCH(E14,Events!$I:$I,0)),"") | G17: =IFERROR(INDEX(Events!$A:$A,MATCH(G14,Events!$I:$I,0)),"") | I17: AUR valuation | K17: Daily Load report | M17: Daily Load report | O17: =IFERROR(INDEX(Events!$A:$A,MATCH(O14,Events!$I:$I,0)),"")
C18: =IFERROR(INDEX(Events!$A:$A,MATCH(C14,Events!$J:$J,0)),"") | E18: =IFERROR(INDEX(Events!$A:$A,MATCH(E14,Events!$J:$J,0)),"") | G18: =IFERROR(INDEX(Events!$A:$A,MATCH(G14,Events!$J:$J,0)),"") | I18: =IFERROR(INDEX(Events!$A:$A,MATCH(I14,Events!$J:$J,0)),"") | K18: GTN update | L18: =IFERROR(INDEX([1]Events!C:C,MATCH(K18,[1]Events!#REF!,0)),"") | M18: =IFERROR(INDEX(Events!$A:$A,MATCH(M14,Events!$J:$J,0)),"") | O18: =IFERROR(INDEX(Events!$A:$A,MATCH(O14,Events!$J:$J,0)),"")
C19: =IF(O14="","",IF(MONTH(O14+1)<>MONTH(O14),"",O14+1)) -> 45942 | D19: =IFERROR(INDEX(Events!$A:$A,MATCH(C19,Events!$G:$G,0)),"") | E19: =IF(C19="","",IF(MONTH(C19+1)<>MONTH(C19),"",C19+1)) -> 45943 | F19: =IFERROR(INDEX(Events!$A:$A,MATCH(E19,Events!$G:$G,0)),"") -> Columbus Day | G19: =IF(E19="","",IF(MONTH(E19+1)<>MONTH(E19),"",E19+1)) -> 45944 | H19: =IFERROR(INDEX(Events!$A:$A,MATCH(G19,Events!$G:$G,0)),"") | I19: =IF(G19="","",IF(MONTH(G19+1)<>MONTH(G19),"",G19+1)) -> 45945 | J19: =IFERROR(INDEX(Events!$A:$A,MATCH(I19,Events!$G:$G,0)),"") | K19: =IF(I19="","",IF(MONTH(I19+1)<>MONTH(I19),"",I19+1)) -> 45946 | L19: =IFERROR(INDEX(Events!$A:$A,MATCH(K19,Events!$G:$G,0)),"") -> Boss's Day | M19: =IF(K19="","",IF(MONTH(K19+1)<>MONTH(K19),"",K19+1)) -> 45947 | N19: =IFERROR(INDEX(Events!$A:$A,MATCH(M19,Events!$G:$G,0)),"") | O19: =IF(M19="","",IF(MONTH(M19+1)<>MONTH(M19),"",M19+1)) -> 45948 | P19: =IFERROR(INDEX(Events!$A:$A,MATCH(O19,Events!$G:$G,0)),"") | R19: week 3
E20: WW Load Run | G20: WW Load Run | I20: WW Load Run | K20: WW Load Run | M20: WW Load Run | O20: =IFERROR(INDEX(Events!$A:$A,MATCH(O19,Events!$H:$H,0)),"")
E21: EPM Dashboard | G21: EPM Dashboard | I21: EPM Dashboard | K21: EPM Dashboard | M21: EPM Dashboard | O21: =IFERROR(INDEX(Events!$A:$A,MATCH(O19,Events!$H:$H,0)),"") | P21: =IFERROR(INDEX(Events!G:G,MATCH(O21,Events!K:K,0)),"")
E22: Daily Load report | G22: Daily Load report | I22: Daily Load report | K22: Daily Load report | M22: Daily Load report | O22: =IFERROR(INDEX(Events!$A:$A,MATCH(O19,Events!$I:$I,0)),"")
C23: =IFERROR(INDEX(Events!$A:$A,MATCH(C19,Events!$J:$J,0)),"") | E23: =IFERROR(INDEX(Events!$A:$A,MATCH(E19,Events!$J:$J,0)),"") | G23: =IFERROR(INDEX(Events!$A:$A,MATCH(G19,Events!$J:$J,0)),"") | I23: =IFERROR(INDEX(Events!$A:$A,MATCH(I19,Events!$J:$J,0)),"") | K23: =IFERROR(INDEX(Events!$A:$A,MATCH(K19,Events!$J:$J,0)),"") | M23: =IFERROR(INDEX(Events!$A:$A,MATCH(M19,Events!$J:$J,0)),"") | O23: =IFERROR(INDEX(Events!$A:$A,MATCH(O19,Events!$J:$J,0)),"")
C24: =IF(O19="","",IF(MONTH(O19+1)<>MONTH(O19),"",O19+1)) -> 45949 | D24: =IFERROR(INDEX(Events!$A:$A,MATCH(C24,Events!$G:$G,0)),"") | E24: =IF(C24="","",IF(MONTH(C24+1)<>MONTH(C24),"",C24+1)) -> 45950 | F24: =IFERROR(INDEX(Events!$A:$A,MATCH(E24,Events!$G:$G,0)),"") | G24: =IF(E24="","",IF(MONTH(E24+1)<>MONTH(E24),"",E24+1)) -> 45951 | H24: =IFERROR(INDEX(Events!$A:$A,MATCH(G24,Events!$G:$G,0)),"") | I24: =IF(G24="","",IF(MONTH(G24+1)<>MONTH(G24),"",G24+1)) -> 45952 | J24: EARNING RELEASE | K24: =IF(I24="","",IF(MONTH(I24+1)<>MONTH(I24),"",I24+1)) -> 45953 | L24: =IFERROR(INDEX(Events!$A:$A,MATCH(K24,Events!$G:$G,0)),"") | M24: =IF(K24="","",IF(MONTH(K24+1)<>MONTH(K24),"",K24+1)) -> 45954 | N24: =IFERROR(INDEX(Events!$A:$A,MATCH(M24,Events!$G:$G,0)),"") -> United Nations Day | O24: =IF(M24="","",IF(MONTH(M24+1)<>MONTH(M24),"",M24+1)) -> 45955 | P24: =IFERROR(INDEX(Events!$A:$A,MATCH(O24,Events!$G:$G,0)),"") | R24: week 4
E25: WW Load Run | G25: WW Load Run | I25: WW Load Run | K25: WW Load Run | M25: WW Load Run | O25: =IFERROR(INDEX(Events!$A:$A,MATCH(O24,Events!$H:$H,0)),"")
E26: EPM Dashboard | G26: EPM Dashboard | I26: EPM Dashboard | K26: EPM Dashboard | M26: EPM Dashboard | O26: =IFERROR(INDEX(Events!$A:$A,MATCH(O24,Events!$H:$H,0)),"") | P26: =IFERROR(INDEX(Events!G:G,MATCH(O26,Events!K:K,0)),"")
E27: Daily Load report | G27: Daily Load report | I27: Daily Load report | K27: Daily Load report | M27: Daily Load report | O27: =IFERROR(INDEX(Events!$A:$A,MATCH(O24,Events!$I:$I,0)),"")
C28: =IFERROR(INDEX(Events!$A:$A,MATCH(C24,Events!$J:$J,0)),"") | E28: =IFERROR(INDEX(Events!$A:$A,MATCH(E24,Events!$J:$J,0)),"") | G28: =IFERROR(INDEX(Events!$A:$A,MATCH(G24,Events!$J:$J,0)),"") | I28: CUT-OFF CEPH, Clever, Defend | J28: =IFERROR(INDEX(Events!A:A,MATCH(I28,Events!G:G,0)),"") | K28: =IFERROR(INDEX(Events!$A:$A,MATCH(K24,Events!$J:$J,0)),"") | M28: =IFERROR(INDEX(Events!$A:$A,MATCH(M24,Events!$J:$J,0)),"") | O28: =IFERROR(INDEX(Events!$A:$A,MATCH(O24,Events!$J:$J,0)),"")
C29: =IF(O24="","",IF(MONTH(O24+1)<>MONTH(O24),"",O24+1)) -> 45956 | D29: =IFERROR(INDEX(Events!$A:$A,MATCH(C29,Events!$G:$G,0)),"") | E29: =IF(C29="","",IF(MONTH(C29+1)<>MONTH(C29),"",C29+1)) -> 45957 | F29: =IFERROR(INDEX(Events!$A:$A,MATCH(E29,Events!$G:$G,0)),"") | G29: =IF(E29="","",IF(MONTH(E29+1)<>MONTH(E29),"",E29+1)) -> 45958 | H29: =IFERROR(INDEX(Events!$A:$A,MATCH(G29,Events!$G:$G,0)),"") | I29: =IF(G29="","",IF(MONTH(G29+1)<>MONTH(G29),"",G29+1)) -> 45959 | J29: =IFERROR(INDEX(Events!$A:$A,MATCH(I29,Events!$G:$G,0)),"") | K29: =IF(I29="","",IF(MONTH(I29+1)<>MONTH(I29),"",I29+1)) -> 45960 | L29: =IFERROR(INDEX(Events!$A:$A,MATCH(K29,Events!$G:$G,0)),"") | M29: =IF(K29="","",IF(MONTH(K29+1)<>MONTH(K29),"",K29+1)) -> 45961 | N29: =IFERROR(INDEX(Events!$A:$A,MATCH(M29,Events!$G:$G,0)),"") -> Halloween | O29: =IF(M29="","",IF(MONTH(M29+1)<>MONTH(M29),"",M29+1)) | P29: =IFERROR(INDEX(Events!$A:$A,MATCH(O29,Events!$G:$G,0)),"") | R29: week 5
E30: WW Load Run | G30: WW Load Run | I30: WW Load Run | K30: WW Load Run | M30: WW Load Run | O30: =IFERROR(INDEX(Events!$A:$A,MATCH(O29,Events!$H:$H,0)),"")
E31: EPM Dashboard | G31: EPM Dashboard | I31: EPM Dashboard | K31: EPM Dashboard | M31: EPM Dashboard | O31: =IFERROR(INDEX(Events!$A:$A,MATCH(O29,Events!$H:$H,0)),"") | P31: =IFERROR(INDEX(Events!G:G,MATCH(O31,Events!K:K,0)),"")
E32: Daily Load report | G32: Daily Load report | I32: Daily Load report | K32: Daily Load report | M32: Daily Load report | O32: =IFERROR(INDEX(Events!$A:$A,MATCH(O29,Events!$I:$I,0)),"")
C33: =IFERROR(INDEX(Events!$A:$A,MATCH(C29,Events!$J:$J,0)),"") | E33: =IFERROR(INDEX(Events!$A:$A,MATCH(E29,Events!$J:$J,0)),"") | G33: =IFERROR(INDEX(Events!$A:$A,MATCH(G29,Events!$J:$J,0)),"") | I33: =IFERROR(INDEX(Events!$A:$A,MATCH(I29,Events!$J:$J,0)),"") | K33: =IFERROR(INDEX(Events!$A:$A,MATCH(K29,Events!$J:$J,0)),"") | M33: =IFERROR(INDEX(Events!$A:$A,MATCH(M29,Events!$J:$J,0)),"") | O33: =IFERROR(INDEX(Events!$A:$A,MATCH(O29,Events!$J:$J,0)),"")
C34: =IF(O29="","",IF(MONTH(O29+1)<>MONTH(O29),"",O29+1)) | D34: =IFERROR(INDEX(Events!$A:$A,MATCH(C34,Events!$G:$G,0)),"") | E34: =IF(C34="","",IF(MONTH(C34+1)<>MONTH(C34),"",C34+1)) | F34: =IFERROR(INDEX(Events!$A:$A,MATCH(E34,Events!$G:$G,0)),"")
C35: =IFERROR(INDEX(Events!$A:$A,MATCH(C34,Events!$H:$H,0)),"") | D35: =IFERROR(INDEX(Events!#REF!,MATCH(C35,Events!A:A,0)),"") | E35: =IFERROR(INDEX(Events!$A:$A,MATCH(E34,Events!$H:$H,0)),"") | F35: =IFERROR(INDEX(Events!#REF!,MATCH(E35,Events!C:C,0)),"")
C36: =IFERROR(INDEX(Events!$A:$A,MATCH(C34,Events!$I:$I,0)),"") | E36: =IFERROR(INDEX(Events!$A:$A,MATCH(E34,Events!$I:$I,0)),"")
C37: =IFERROR(INDEX(Events!$A:$A,MATCH(C34,Events!$J:$J,0)),"") | E37: =IFERROR(INDEX(Events!$A:$A,MATCH(E34,Events!$J:$J,0)),"")
C39: Date: | D39: =DATE(YEAR('Q1'!$D$7),MONTH('Q1'!$D$7)+10,1) -> 45962
A40: =D39 -> 45962 | C40: Sunday | E40: Monday | G40: Tuesday | I40: Wednesday | K40: Thursday | M40: Friday | O40: Saturday | R40: week
C41: =IF(WEEKDAY($D$39,1)=startday,$D$39,"") | D41: =IFERROR(INDEX(Events!$A:$A,MATCH(C41,Events!$G:$G,0)),"") | E41: =IF(C41="",IF(WEEKDAY($D$39,1)=MOD(startday,7)+1,$D$39,""),C41+1) | F41: =IFERROR(INDEX(Events!$A:$A,MATCH(E41,Events!$G:$G,0)),"") | G41: =IF(E41="",IF(WEEKDAY($D$39,1)=MOD(startday+1,7)+1,$D$39,""),E41+1) | H41: =IFERROR(INDEX(Events!$A:$A,MATCH(G41,Events!$G:$G,0)),"") | I41: =IF(G41="",IF(WEEKDAY($D$39,1)=MOD(startday+2,7)+1,$D$39,""),G41+1) | J41: =IFERROR(INDEX(Events!$A:$A,MATCH(I41,Events!$G:$G,0)),"") | K41: =IF(I41="",IF(WEEKDAY($D$39,1)=MOD(startday+3,7)+1,$D$39,""),I41+1) | L41: =IFERROR(INDEX(Events!$A:$A,MATCH(K41,Events!$G:$G,0)),"") | M41: =IF(K41="",IF(WEEKDAY($D$39,1)=MOD(startday+4,7)+1,$D$39,""),K41+1) | N41: =IFERROR(INDEX(Events!$A:$A,MATCH(M41,Events!$G:$G,0)),"") | O41: =IF(M41="",IF(WEEKDAY($D$39,1)=MOD(startday+5,7)+1,$D$39,""),M41+1) -> 45962 | P41: =IFERROR(INDEX(Events!$A:$A,MATCH(O41,Events!$G:$G,0)),"") | R41: week 5 (cont)
O42: WW Load Run
C43: =IFERROR(INDEX(Events!$A:$A,MATCH(C41,Events!$H:$H,0)),"") | E43: =IFERROR(INDEX(Events!$A:$A,MATCH(E41,Events!$H:$H,0)),"") | G43: =IFERROR(INDEX(Events!$A:$A,MATCH(G41,Events!$H:$H,0)),"") | I43: =IFERROR(INDEX(Events!$A:$A,MATCH(I41,Events!$H:$H,0)),"") | K43: =IFERROR(INDEX(Events!$A:$A,MATCH(K41,Events!$H:$H,0)),"") | M43: =IFERROR(INDEX(Events!$A:$A,MATCH(M41,Events!$H:$H,0)),"") | O43: EPM Dashboard
C44: =IFERROR(INDEX(Events!$A:$A,MATCH(C41,Events!$I:$I,0)),"") | E44: =IFERROR(INDEX(Events!$A:$A,MATCH(E41,Events!$I:$I,0)),"") | G44: =IFERROR(INDEX(Events!$A:$A,MATCH(G41,Events!$I:$I,0)),"") | I44: =IFERROR(INDEX(Events!$A:$A,MATCH(I41,Events!$I:$I,0)),"") | K44: =IFERROR(INDEX(Events!$A:$A,MATCH(K41,Events!$I:$I,0)),"") | M44: =IFERROR(INDEX(Events!$A:$A,MATCH(M41,Events!$I:$I,0)),"") | O44: Daily Load report
C45: =IFERROR(INDEX(Events!$A:$A,MATCH(C41,Events!$J:$J,0)),"") | E45: =IFERROR(INDEX(Events!$A:$A,MATCH(E41,Events!$J:$J,0)),"") | G45: =IFERROR(INDEX(Events!$A:$A,MATCH(G41,Events!$J:$J,0)),"") | I45: =IFERROR(INDEX(Events!$A:$A,MATCH(I41,Events!$J:$J,0)),"") | K45: =IFERROR(INDEX(Events!$A:$A,MATCH(K41,Events!$J:$J,0)),"") | M45: =IFERROR(INDEX(Events!$A:$A,MATCH(M41,Events!$J:$J,0)),"") | O45: =IFERROR(INDEX(Events!$A:$A,MATCH(O41,Events!$J:$J,0)),"")
C46: =IF(O41="","",IF(MONTH(O41+1)<>MONTH(O41),"",O41+1)) -> 45963 | D46: =IFERROR(INDEX(Events!$A:$A,MATCH(C46,Events!$G:$G,0)),"") -> Daylight Saving | E46: =IF(C46="","",IF(MONTH(C46+1)<>MONTH(C46),"",C46+1)) -> 45964 | F46: W1 | G46: =IF(E46="","",IF(MONTH(E46+1)<>MONTH(E46),"",E46+1)) -> 45965 | H46: W2 | I46: =IF(G46="","",IF(MONTH(G46+1)<>MONTH(G46),"",G46+1)) -> 45966 | J46: W3 | K46: =IF(I46="","",IF(MONTH(I46+1)<>MONTH(I46),"",I46+1)) -> 45967 | L46: W4 | M46: =IF(K46="","",IF(MONTH(K46+1)<>MONTH(K46),"",K46+1)) -> 45968 | N46: W5 | O46: =IF(M46="","",IF(MONTH(M46+1)<>MONTH(M46),"",M46+1)) -> 45969 | P46: =IFERROR(INDEX(Events!$A:$A,MATCH(O46,Events!$G:$G,0)),"") | R46: week 6
E47: WW Load Run | G47: WW Load Run | I47: WW Load Run | K47: WW Load Run | M47: WW Load Run | O47: =IFERROR(INDEX(Events!$A:$A,MATCH(O46,Events!$H:$H,0)),"")
E48: EPM Dashboard | G48: EPM Dashboard | I48: EPM Dashboard | K48: EPM Dashboard | M48: EPM Dashboard | O48: =IFERROR(INDEX(Events!$A:$A,MATCH(O46,Events!$H:$H,0)),"")
E49: Daily Load report | G49: Daily Load report | I49: Daily Load report | K49: Daily Load report | M49: Daily Load report | O49: =IFERROR(INDEX(Events!$A:$A,MATCH(O46,Events!$I:$I,0)),"")
C50: =IFERROR(INDEX(Events!$A:$A,MATCH(C46,Events!$J:$J,0)),"") | E50: Month End October | G50: Month roll | I50: =IFERROR(INDEX(Events!$A:$A,MATCH(I46,Events!$J:$J,0)),"") | K50: =IFERROR(INDEX(Events!$A:$A,MATCH(K46,Events!$J:$J,0)),"") | M50: =IFERROR(INDEX(Events!$A:$A,MATCH(M46,Events!$J:$J,0)),"") | O50: =IFERROR(INDEX(Events!$A:$A,MATCH(O46,Events!$J:$J,0)),"")
C51: =IF(O46="","",IF(MONTH(O46+1)<>MONTH(O46),"",O46+1)) -> 45970 | D51: =IFERROR(INDEX(Events!$A:$A,MATCH(C51,Events!$G:$G,0)),"") | E51: =IF(C51="","",IF(MONTH(C51+1)<>MONTH(C51),"",C51+1)) -> 45971 | F51: W6 | G51: =IF(E51="","",IF(MONTH(E51+1)<>MONTH(E51),"",E51+1)) -> 45972 | H51: W7 | I51: =IF(G51="","",IF(MONTH(G51+1)<>MONTH(G51),"",G51+1)) -> 45973 | J51: W8 | K51: =IF(I51="","",IF(MONTH(I51+1)<>MONTH(I51),"",I51+1)) -> 45974 | L51: W9 | M51: =IF(K51="","",IF(MONTH(K51+1)<>MONTH(K51),"",K51+1)) -> 45975 | N51: W10 | O51: =IF(M51="","",IF(MONTH(M51+1)<>MONTH(M51),"",M51+1)) -> 45976 | P51: =IFERROR(INDEX(Events!$A:$A,MATCH(O51,Events!$G:$G,0)),"") | R51: week 7
E52: WW Load Run | G52: WW Load Run | I52: WW Load Run | K52: WW Load Run | M52: WW Load Run | O52: =IFERROR(INDEX(Events!$A:$A,MATCH(O51,Events!$H:$H,0)),"")
E53: EPM Dashboard | G53: EPM Dashboard | I53: EPM Dashboard | K53: EPM Dashboard | M53: EPM Dashboard | O53: =IFERROR(INDEX(Events!$A:$A,MATCH(O51,Events!$H:$H,0)),"")
E54: Daily Load report | G54: Daily Load report | I54: Daily Load report | K54: Daily Load report | M54: Daily Load report | O54: =IFERROR(INDEX(Events!$A:$A,MATCH(O51,Events!$I:$I,0)),"")
C55: =IFERROR(INDEX(Events!$A:$A,MATCH(C51,Events!$J:$J,0)),"") | E55: GTN update | F55: =IFERROR(INDEX([1]Events!#REF!,MATCH(E55,[1]Events!#REF!,0)),"") | G55: L2L Alignment | H55: =IFERROR(INDEX([1]Events!#REF!,MATCH(G55,[1]Events!#REF!,0)),"") | I55: =IFERROR(INDEX(Events!$A:$A,MATCH(I51,Events!$J:$J,0)),"") | K55: =IFERROR(INDEX(Events!$A:$A,MATCH(K51,Events!$J:$J,0)),"") | M55: =IFERROR(INDEX(Events!$A:$A,MATCH(M51,Events!$J:$J,0)),"") | O55: =IFERROR(INDEX(Events!$A:$A,MATCH(O51,Events!$J:$J,0)),"")
C56: =IF(O51="","",IF(MONTH(O51+1)<>MONTH(O51),"",O51+1)) -> 45977 | D56: =IFERROR(INDEX(Events!$A:$A,MATCH(C56,Events!$G:$G,0)),"") | E56: =IF(C56="","",IF(MONTH(C56+1)<>MONTH(C56),"",C56+1)) -> 45978 | F56: =IFERROR(INDEX(Events!$A:$A,MATCH(E56,Events!$G:$G,0)),"") | G56: =IF(E56="","",IF(MONTH(E56+1)<>MONTH(E56),"",E56+1)) -> 45979 | H56: =IFERROR(INDEX(Events!$A:$A,MATCH(G56,Events!$G:$G,0)),"") | I56: =IF(G56="","",IF(MONTH(G56+1)<>MONTH(G56),"",G56+1)) -> 45980 | J56: =IFERROR(INDEX(Events!$A:$A,MATCH(I56,Events!$G:$G,0)),"") | K56: =IF(I56="","",IF(MONTH(I56+1)<>MONTH(I56),"",I56+1)) -> 45981 | L56: =IFERROR(INDEX(Events!$A:$A,MATCH(K56,Events!$G:$G,0)),"") | M56: =IF(K56="","",IF(MONTH(K56+1)<>MONTH(K56),"",K56+1)) -> 45982 | N56: =IFERROR(INDEX(Events!$A:$A,MATCH(M56,Events!$G:$G,0)),"") | O56: =IF(M56="","",IF(MONTH(M56+1)<>MONTH(M56),"",M56+1)) -> 45983 | P56: =IFERROR(INDEX(Events!$A:$A,MATCH(O56,Events!$G:$G,0)),"") | R56: week 8
E57: WW Load Run | G57: WW Load Run | I57: WW Load Run | K57: WW Load Run | M57: WW Load Run | O57: =IFERROR(INDEX(Events!$A:$A,MATCH(O56,Events!$H:$H,0)),"")
E58: EPM Dashboard | G58: EPM Dashboard | I58: EPM Dashboard | K58: EPM Dashboard | M58: EPM Dashboard | O58: =IFERROR(INDEX(Events!$A:$A,MATCH(O56,Events!$H:$H,0)),"")
E59: Daily Load report | G59: Daily Load report | I59: Daily Load report | K59: Daily Load report | M59: Daily Load report | O59: =IFERROR(INDEX(Events!$A:$A,MATCH(O56,Events!$I:$I,0)),"")
C60: =IFERROR(INDEX(Events!$A:$A,MATCH(C56,Events!$J:$J,0)),"") | E60: =IFERROR(INDEX(Events!$A:$A,MATCH(E56,Events!$J:$J,0)),"") | G60: =IFERROR(INDEX(Events!$A:$A,MATCH(G56,Events!$J:$J,0)),"") | I60: =IFERROR(INDEX(Events!$A:$A,MATCH(I56,Events!$J:$J,0)),"") | K60: =IFERROR(INDEX(Events!$A:$A,MATCH(K56,Events!$J:$J,0)),"") | M60: =IFERROR(INDEX(Events!$A:$A,MATCH(M56,Events!$J:$J,0)),"") | O60: =IFERROR(INDEX(Events!$A:$A,MATCH(O56,Events!$J:$J,0)),"")
C61: =IF(O56="","",IF(MONTH(O56+1)<>MONTH(O56),"",O56+1)) -> 45984 | D61: =IFERROR(INDEX(Events!$A:$A,MATCH(C61,Events!$G:$G,0)),"") | E61: =IF(C61="","",IF(MONTH(C61+1)<>MONTH(C61),"",C61+1)) -> 45985 | F61: =IFERROR(INDEX(Events!$A:$A,MATCH(E61,Events!$G:$G,0)),"") | G61: =IF(E61="","",IF(MONTH(E61+1)<>MONTH(E61),"",E61+1)) -> 45986 | H61: =IFERROR(INDEX(Events!$A:$A,MATCH(G61,Events!$G:$G,0)),"") | I61: =IF(G61="","",IF(MONTH(G61+1)<>MONTH(G61),"",G61+1)) -> 45987 | J61: =IFERROR(INDEX(Events!$A:$A,MATCH(I61,Events!$G:$G,0)),"") | K61: =IF(I61="","",IF(MONTH(I61+1)<>MONTH(I61),"",I61+1)) -> 45988 | L61: =IFERROR(INDEX(Events!$A:$A,MATCH(K61,Events!$G:$G,0)),"") -> Thanksgiving | M61: =IF(K61="","",IF(MONTH(K61+1)<>MONTH(K61),"",K61+1)) -> 45989 | O61: =IF(M61="","",IF(MONTH(M61+1)<>MONTH(M61),"",M61+1)) -> 45990 | P61: =IFERROR(INDEX(Events!$A:$A,MATCH(O61,Events!$G:$G,0)),"") | R61: week 9
E62: WW Load Run | G62: WW Load Run | I62: WW Load Run | M62: WW Load Run | O62: WW Load Run
E63: EPM Dashboard | G63: EPM Dashboard | I63: EPM Dashboard | K63: No WW Load Run | M63: EPM Dashboard | O63: EPM Dashboard
E64: Daily Load report | G64: Daily Load report | I64: Daily Load report | M64: Daily Load report | O64: Daily Load report
C65: =IFERROR(INDEX(Events!$A:$A,MATCH(C61,Events!$J:$J,0)),"") | E65: =IFERROR(INDEX(Events!$A:$A,MATCH(E61,Events!$J:$J,0)),"") | G65: =IFERROR(INDEX(Events!$A:$A,MATCH(G61,Events!$J:$J,0)),"") | I65: =IFERROR(INDEX(Events!$A:$A,MATCH(I61,Events!$J:$J,0)),"") | K65: =IFERROR(INDEX(Events!$A:$A,MATCH(K61,Events!$J:$J,0)),"") | M65: =IFERROR(INDEX(Events!$A:$A,MATCH(M61,Events!$J:$J,0)),"") | O65: =IFERROR(INDEX(Events!$A:$A,MATCH(O61,Events!$J:$J,0)),"")
C66: =IF(O61="","",IF(MONTH(O61+1)<>MONTH(O61),"",O61+1)) -> 45991 | D66: =IFERROR(INDEX(Events!$A:$A,MATCH(C66,Events!$G:$G,0)),"") | E66: =IF(C66="","",IF(MONTH(C66+1)<>MONTH(C66),"",C66+1)) | F66: =IFERROR(INDEX(Events!$A:$A,MATCH(E66,Events!$G:$G,0)),"")
C67: =IFERROR(INDEX(Events!$A:$A,MATCH(C66,Events!$H:$H,0)),"")
C68: =IFERROR(INDEX(Events!$A:$A,MATCH(C66,Events!$H:$H,0)),"") | E68: =IFERROR(INDEX(Events!$A:$A,MATCH(E66,Events!$H:$H,0)),"")
C69: =IFERROR(INDEX(Events!$A:$A,MATCH(C66,Events!$I:$I,0)),"") | E69: =IFERROR(INDEX(Events!$A:$A,MATCH(E66,Events!$I:$I,0)),"")
C70: =IFERROR(INDEX(Events!$A:$A,MATCH(C66,Events!$J:$J,0)),"") | E70: =IFERROR(INDEX(Events!$A:$A,MATCH(E66,Events!$J:$J,0)),"")
C72: Date: | D72: =DATE(YEAR('Q1'!$D$7),MONTH('Q1'!$D$7)+11,1) -> 45992
A73: =D72 -> 45992 | C73: Sunday | E73: Monday | G73: Tuesday | I73: Wednesday | K73: Thursday | M73: Friday | O73: Saturday | R73: week
C74: =IF(WEEKDAY($D$72,1)=startday,$D$72,"") | D74: =IFERROR(INDEX(Events!$A:$A,MATCH(C74,Events!$G:$G,0)),"") | E74: =IF(C74="",IF(WEEKDAY($D$72,1)=MOD(startday,7)+1,$D$72,""),C74+1) -> 45992 | F74: W1 | G74: =IF(E74="",IF(WEEKDAY($D$72,1)=MOD(startday+1,7)+1,$D$72,""),E74+1) -> 45993 | H74: W2 | I74: =IF(G74="",IF(WEEKDAY($D$72,1)=MOD(startday+2,7)+1,$D$72,""),G74+1) -> 45994 | J74: W3 | K74: =IF(I74="",IF(WEEKDAY($D$72,1)=MOD(startday+3,7)+1,$D$72,""),I74+1) -> 45995 | L74: W4 | M74: =IF(K74="",IF(WEEKDAY($D$72,1)=MOD(startday+4,7)+1,$D$72,""),K74+1) -> 45996 | N74: W5 | O74: =IF(M74="",IF(WEEKDAY($D$72,1)=MOD(startday+5,7)+1,$D$72,""),M74+1) -> 45997 | P74: =IFERROR(INDEX(Events!$A:$A,MATCH(O74,Events!$G:$G,0)),"") | R74: week 10
E75: WW Load Run | G75: WW Load Run | I75: WW Load Run | K75: WW Load Run | M75: WW Load Run | O75: =IFERROR(INDEX(Events!$A:$A,MATCH(O74,Events!$H:$H,0)),"")
C76: =IFERROR(INDEX(Events!$A:$A,MATCH(C74,Events!$H:$H,0)),"") | E76: EPM Dashboard | G76: EPM Dashboard | I76: EPM Dashboard | K76: EPM Dashboard | M76: EPM Dashboard | O76: =IFERROR(INDEX(Events!$A:$A,MATCH(O74,Events!$H:$H,0)),"")
C77: =IFERROR(INDEX(Events!$A:$A,MATCH(C74,Events!$I:$I,0)),"") | E77: Daily Load report | G77: Daily Load report | I77: Daily Load report | K77: Daily Load report | M77: Daily Load report | O77: =IFERROR(INDEX(Events!$A:$A,MATCH(O74,Events!$I:$I,0)),"")
C78: =IFERROR(INDEX(Events!$A:$A,MATCH(C74,Events!$J:$J,0)),"") | E78: Month End November | G78: Month roll | I78: =IFERROR(INDEX(Events!$A:$A,MATCH(I74,Events!$J:$J,0)),"") | K78: =IFERROR(INDEX(Events!$A:$A,MATCH(K74,Events!$J:$J,0)),"") | M78: =IFERROR(INDEX(Events!$A:$A,MATCH(M74,Events!$J:$J,0)),"") | O78: =IFERROR(INDEX(Events!$A:$A,MATCH(O74,Events!$J:$J,0)),"")
C79: =IF(O74="","",IF(MONTH(O74+1)<>MONTH(O74),"",O74+1)) -> 45998 | D79: =IFERROR(INDEX(Events!$A:$A,MATCH(C79,Events!$G:$G,0)),"") -> Pearl Harbor | E79: =IF(C79="","",IF(MONTH(C79+1)<>MONTH(C79),"",C79+1)) -> 45999 | F79: W6 | G79: =IF(E79="","",IF(MONTH(E79+1)<>MONTH(E79),"",E79+1)) -> 46000 | H79: W7 | I79: =IF(G79="","",IF(MONTH(G79+1)<>MONTH(G79),"",G79+1)) -> 46001 | J79: W8 | K79: =IF(I79="","",IF(MONTH(I79+1)<>MONTH(I79),"",I79+1)) -> 46002 | L79: =IFERROR(INDEX(Events!$A:$A,MATCH(K79,Events!$G:$G,0)),"") | M79: =IF(K79="","",IF(MONTH(K79+1)<>MONTH(K79),"",K79+1)) -> 46003 | N79: =IFERROR(INDEX(Events!$A:$A,MATCH(M79,Events!$G:$G,0)),"") | O79: =IF(M79="","",IF(MONTH(M79+1)<>MONTH(M79),"",M79+1)) -> 46004 | P79: =IFERROR(INDEX(Events!$A:$A,MATCH(O79,Events!$G:$G,0)),"") | R79: week 11
E80: WW Load Run | G80: WW Load Run | I80: WW Load Run | K80: WW Load Run | M80: WW Load Run | O80: =IFERROR(INDEX(Events!$A:$A,MATCH(O79,Events!$H:$H,0)),"")
E81: EPM Dashboard | G81: EPM Dashboard | I81: EPM Dashboard | K81: EPM Dashboard | M81: EPM Dashboard | O81: =IFERROR(INDEX(Events!$A:$A,MATCH(O79,Events!$H:$H,0)),"")
E82: Daily Load report | G82: Daily Load report | I82: Daily Load report | K82: Daily Load report | M82: Daily Load report | O82: =IFERROR(INDEX(Events!$A:$A,MATCH(O79,Events!$I:$I,0)),"")
C83: =IFERROR(INDEX(Events!$A:$A,MATCH(C79,Events!$J:$J,0)),"") | E83: GTN update | F83: =IFERROR(INDEX([1]Events!#REF!,MATCH(E83,[1]Events!#REF!,0)),"") | G83: L2L Alignment/ HE CUT-OFF | H83: =IFERROR(INDEX([1]Events!#REF!,MATCH(G83,[1]Events!#REF!,0)),"") | I83: =IFERROR(INDEX(Events!$A:$A,MATCH(I79,Events!$J:$J,0)),"") | K83: =IFERROR(INDEX(Events!$A:$A,MATCH(K79,Events!$J:$J,0)),"") | M83: =IFERROR(INDEX(Events!$A:$A,MATCH(M79,Events!$J:$J,0)),"") | O83: =IFERROR(INDEX(Events!$A:$A,MATCH(O79,Events!$J:$J,0)),"")
C84: =IF(O79="","",IF(MONTH(O79+1)<>MONTH(O79),"",O79+1)) -> 46005 | D84: =IFERROR(INDEX(Events!$A:$A,MATCH(C84,Events!$G:$G,0)),"") -> Hanukkah begins | E84: =IF(C84="","",IF(MONTH(C84+1)<>MONTH(C84),"",C84+1)) -> 46006 | F84: =IFERROR(INDEX(Events!$A:$A,MATCH(E84,Events!$G:$G,0)),"") | G84: =IF(E84="","",IF(MONTH(E84+1)<>MONTH(E84),"",E84+1)) -> 46007 | H84: =IFERROR(INDEX(Events!$A:$A,MATCH(G84,Events!$G:$G,0)),"") | I84: =IF(G84="","",IF(MONTH(G84+1)<>MONTH(G84),"",G84+1)) -> 46008 | J84: =IFERROR(INDEX(Events!$A:$A,MATCH(I84,Events!$G:$G,0)),"") | K84: =IF(I84="","",IF(MONTH(I84+1)<>MONTH(I84),"",I84+1)) -> 46009 | L84: =IFERROR(INDEX(Events!$A:$A,MATCH(K84,Events!$G:$G,0)),"") | M84: =IF(K84="","",IF(MONTH(K84+1)<>MONTH(K84),"",K84+1)) -> 46010 | N84: =IFERROR(INDEX(Events!$A:$A,MATCH(M84,Events!$G:$G,0)),"") | O84: =IF(M84="","",IF(MONTH(M84+1)<>MONTH(M84),"",M84+1)) -> 46011 | P84: =IFERROR(INDEX(Events!$A:$A,MATCH(O84,Events!$G:$G,0)),"") | R84: week 12
E85: WW Load Run | G85: WW Load Run | I85: WW Load Run | K85: WW Load Run | M85: WW Load Run | O85: WW Load Run
E86: EPM Dashboard | G86: EPM Dashboard | I86: EPM Dashboard | K86: EPM Dashboard | M86: EPM Dashboard | O86: EPM Dashboard
E87: Daily Load report | G87: Daily Load report | I87: Daily Load report | K87: Daily Load report | M87: Daily Load report | O87: Daily Load report
C88: =IFERROR(INDEX(Events!$A:$A,MATCH(C84,Events!$J:$J,0)),"") | E88: =IFERROR(INDEX(Events!$A:$A,MATCH(E84,Events!$J:$J,0)),"") | G88: HV CUT-OFF | I88: =IFERROR(INDEX(Events!$A:$A,MATCH(I84,Events!$J:$J,0)),"") | K88: =IFERROR(INDEX(Events!$A:$A,MATCH(K84,Events!$J:$J,0)),"") | M88: =IFERROR(INDEX(Events!$A:$A,MATCH(M84,Events!$J:$J,0)),"") | O88: =IFERROR(INDEX(Events!$A:$A,MATCH(O84,Events!$J:$J,0)),"")
C89: =IF(O84="","",IF(MONTH(O84+1)<>MONTH(O84),"",O84+1)) -> 46012 | D89: =IFERROR(INDEX(Events!$A:$A,MATCH(C89,Events!$G:$G,0)),"") -> Dec. Solstice (GMT) | E89: =IF(C89="","",IF(MONTH(C89+1)<>MONTH(C89),"",C89+1)) -> 46013 | F89: =IFERROR(INDEX(Events!$A:$A,MATCH(E89,Events!$G:$G,0)),"") | G89: =IF(E89="","",IF(MONTH(E89+1)<>MONTH(E89),"",E89+1)) -> 46014 | H89: =IFERROR(INDEX(Events!$A:$A,MATCH(G89,Events!$G:$G,0)),"") | I89: =IF(G89="","",IF(MONTH(G89+1)<>MONTH(G89),"",G89+1)) -> 46015 | J89: =IFERROR(INDEX(Events!$A:$A,MATCH(I89,Events!$G:$G,0)),"") -> Christmas Eve | K89: =IF(I89="","",IF(MONTH(I89+1)<>MONTH(I89),"",I89+1)) -> 46016 | L89: =IFERROR(INDEX(Events!$A:$A,MATCH(K89,Events!$G:$G,0)),"") -> Christmas Day | M89: =IF(K89="","",IF(MONTH(K89+1)<>MONTH(K89),"",K89+1)) -> 46017 | N89: =IFERROR(INDEX(Events!$A:$A,MATCH(M89,Events!$G:$G,0)),"") -> Kwanzaa begins | O89: =IF(M89="","",IF(MONTH(M89+1)<>MONTH(M89),"",M89+1)) -> 46018 | P89: =IFERROR(INDEX(Events!$A:$A,MATCH(O89,Events!$G:$G,0)),"") | R89: week 13
E90: WW Load Run | G90: WW Load Run | I90: WW Load Run | M90: WW Load Run | O90: WW Load Run
E91: EPM Dashboard | G91: EPM Dashboard | I91: EPM Dashboard | K91: No WW Load Run | M91: EPM Dashboard | O91: EPM Dashboard
E92: Daily Load report | G92: Daily Load report | I92: Daily Load report | M92: Daily Load report | O92: Daily Load report
C93: =IFERROR(INDEX(Events!$A:$A,MATCH(C89,Events!$J:$J,0)),"") | E93: =IFERROR(INDEX(Events!$A:$A,MATCH(E89,Events!$J:$J,0)),"") | G93: =IFERROR(INDEX(Events!$A:$A,MATCH(G89,Events!$J:$J,0)),"") | I93: =IFERROR(INDEX(Events!$A:$A,MATCH(I89,Events!$J:$J,0)),"") | K93: =IFERROR(INDEX(Events!$A:$A,MATCH(K89,Events!$J:$J,0)),"") | M93: =IFERROR(INDEX(Events!$A:$A,MATCH(M89,Events!$J:$J,0)),"") | O93: =IFERROR(INDEX(Events!$A:$A,MATCH(O89,Events!$J:$J,0)),"")
C94: =IF(O89="","",IF(MONTH(O89+1)<>MONTH(O89),"",O89+1)) -> 46019 | D94: =IFERROR(INDEX(Events!$A:$A,MATCH(C94,Events!$G:$G,0)),"") | E94: =IF(C94="","",IF(MONTH(C94+1)<>MONTH(C94),"",C94+1)) -> 46020 | F94: =IFERROR(INDEX(Events!$A:$A,MATCH(E94,Events!$G:$G,0)),"") | G94: =IF(E94="","",IF(MONTH(E94+1)<>MONTH(E94),"",E94+1)) -> 46021 | H94: =IFERROR(INDEX(Events!$A:$A,MATCH(G94,Events!$G:$G,0)),"") | I94: =IF(G94="","",IF(MONTH(G94+1)<>MONTH(G94),"",G94+1)) -> 46022 | J94: =IFERROR(INDEX(Events!$A:$A,MATCH(I94,Events!$G:$G,0)),"") -> New Year's Eve | K94: =IF(I94="",IF(WEEKDAY($D$7,1)=MOD(startday+2,7)+1,$D$7,""),I94+1) -> 46023 | M94: =IF(K94="",IF(WEEKDAY($D$7,1)=MOD(startday+2,7)+1,$D$7,""),K94+1) -> 46024 | N94: W1 | O94: =IF(M94="",IF(WEEKDAY($D$7,1)=MOD(startday+3,7)+1,$D$7,""),M94+1) -> 46025 | R94: week 13 (cont)
C95: WW Load Run | E95: WW Load Run | G95: WW Load Run | I95: WW Load Run | K95: No WW Load Run | M95: Final Load | N95: =IFERROR(INDEX(Events!#REF!,MATCH(M95,Events!K:K,0)),"") | O95: WW courtesy run
C96: EPM Dashboard | E96: EPM Dashboard | G96: EPM Dashboard | I96: EPM Dashboard | K96: =IFERROR(INDEX(Events!$A:$A,MATCH(K94,Events!$H:$H,0)),"") | M96: WW Load Run | O96: =IFERROR(INDEX(Events!$A:$A,MATCH(O94,Events!$H:$H,0)),"")
C97: Daily Load report | E97: Daily Load report | G97: Daily Load report | I97: Daily Load report | K97: =IFERROR(INDEX(Events!$A:$A,MATCH(K94,Events!$I:$I,0)),"") | O97: =IFERROR(INDEX(Events!$A:$A,MATCH(O94,Events!$I:$I,0)),"")
C98: =IFERROR(INDEX(Events!$A:$A,MATCH(C94,Events!$J:$J,0)),"") | E98: =IFERROR(INDEX(Events!$A:$A,MATCH(E94,Events!$J:$J,0)),"") | G98: =IFERROR(INDEX(Events!$A:$A,MATCH(G94,Events!$J:$J,0)),"") | I98: =IFERROR(INDEX(Events!$A:$A,MATCH(I94,Events!$J:$J,0)),"") | K98: =IFERROR(INDEX(Events!$A:$A,MATCH(K94,Events!$J:$J,0)),"") | M98: Blackout | O98: =IFERROR(INDEX(Events!$A:$A,MATCH(O94,Events!$J:$J,0)),"")
C99: =IF(O94="","",IF(MONTH(O94+1)<>MONTH(O94),"",O94+1)) -> 46026 | D99: =IFERROR(INDEX(Events!$A:$A,MATCH(C99,Events!$G:$G,0)),"") | E99: =IF(C99="","",IF(MONTH(C99+1)<>MONTH(C99),"",C99+1)) -> 46027 | F99: =IFERROR(INDEX(Events!$A:$A,MATCH(E99,Events!$G:$G,0)),"") | R99: week 13 (cont)
C100: =IFERROR(INDEX(Events!$A:$A,MATCH(C99,Events!$H:$H,0)),"") | E100: =IFERROR(INDEX(Events!$A:$A,MATCH(E99,Events!$H:$H,0)),"")
C101: =IFERROR(INDEX(Events!$A:$A,MATCH(C99,Events!$I:$I,0)),"") | E101: =IFERROR(INDEX(Events!$A:$A,MATCH(E99,Events!$I:$I,0)),"") | P101: https://www.vertex42.com/calendars/quarterly-calendar.html
C102: =IFERROR(INDEX(Events!$A:$A,MATCH(C99,Events!$J:$J,0)),"") | E102: =IFERROR(INDEX(Events!$A:$A,MATCH(E99,Events!$J:$J,0)),"") | P102: Quarterly Calendar Template © 2015 by Vertex42 LLC. Free to print

Sheet 1Q26 
C1: Quarterly Calendar Template
C2: Year | D2: 2026 | G2: Start Month | H2: 1 | K2: Start Day | L2: 1 | M2: 1:Sun,2:Mon | P2: © 2015 Vertex42 LLC
P3: Quarterly Calendar
C5: 1Q Load Calendar
C7: Date: | D7: =DATE(D2,H2,1) -> 46023
A8: =D7 -> 46023 | C8: Sunday | E8: Monday | G8: Tuesday | I8: Wednesday | K8: Thursday | M8: Friday | O8: Saturday | R8: week
C9: =IF(WEEKDAY($D$7,1)=startday,$D$7,"") | D9: =IFERROR(INDEX(Events!$A:$A,MATCH(C9,Events!$G:$G,0)),"") | E9: =IF(C9="",IF(WEEKDAY($D$7,1)=MOD(startday,7)+1,$D$7,""),C9+1) | F9: =IFERROR(INDEX(Events!$A:$A,MATCH(E9,Events!$G:$G,0)),"") | G9: =IF(E9="",IF(WEEKDAY($D$7,1)=MOD(startday+1,7)+1,$D$7,""),E9+1) | H9: =IFERROR(INDEX(Events!$A:$A,MATCH(G9,Events!$G:$G,0)),"") | I9: =IF(G9="",IF(WEEKDAY($D$7,1)=MOD(startday+2,7)+1,$D$7,""),G9+1) | J9: =IFERROR(INDEX(Events!$A:$A,MATCH(I9,Events!$G:$G,0)),"") | K9: =IF(I9="",IF(WEEKDAY($D$7,1)=MOD(startday+3,7)+1,$D$7,""),I9+1) -> 46023 | L9: OFF | M9: =IF(K9="",IF(WEEKDAY($D$7,1)=MOD(startday+4,7)+1,$D$7,""),K9+1) -> 46024 | N9: W1 | O9: =IF(M9="",IF(WEEKDAY($D$7,1)=MOD(startday+5,7)+1,$D$7,""),M9+1) -> 46025 | P9: =IFERROR(INDEX(Events!$A:$A,MATCH(O9,Events!$G:$G,0)),"") | R9: week 1
C10: =IFERROR(INDEX(Events!$A:$A,MATCH(C9,Events!$H:$H,0)),"") | D10: =IFERROR(INDEX(Events!#REF!,MATCH(C10,Events!A:A,0)),"") | E10: =IFERROR(INDEX(Events!$A:$A,MATCH(E9,Events!$H:$H,0)),"") | F10: =IFERROR(INDEX(Events!#REF!,MATCH(E10,Events!C:C,0)),"") | G10: =IFERROR(INDEX(Events!$A:$A,MATCH(G9,Events!$H:$H,0)),"") | H10: =IFERROR(INDEX(Events!#REF!,MATCH(G10,Events!E:E,0)),"") | I10: =IFERROR(INDEX(Events!$A:$A,MATCH(I9,Events!$H:$H,0)),"") | J10: =IFERROR(INDEX(Events!A:A,MATCH(I10,Events!G:G,0)),"") | M10: Final Load | N10: =IFERROR(INDEX(Events!E:E,MATCH(M10,Events!K:K,0)),"") | O10: =IFERROR(INDEX(Events!$A:$A,MATCH(O9,Events!$H:$H,0)),"") | P10: =IFERROR(INDEX(Events!G:G,MATCH(O10,Events!K:K,0)),"")
C11: =IFERROR(INDEX(Events!$A:$A,MATCH(C9,Events!$I:$I,0)),"") | E11: =IFERROR(INDEX(Events!$A:$A,MATCH(E9,Events!$I:$I,0)),"") | G11: =IFERROR(INDEX(Events!$A:$A,MATCH(G9,Events!$I:$I,0)),"") | I11: =IFERROR(INDEX(Events!$A:$A,MATCH(I9,Events!$I:$I,0)),"") | O11: =IFERROR(INDEX(Events!$A:$A,MATCH(O9,Events!$I:$I,0)),"")
C12: =IFERROR(INDEX(Events!$A:$A,MATCH(C9,Events!$J:$J,0)),"") | E12: =IFERROR(INDEX(Events!$A:$A,MATCH(E9,Events!$J:$J,0)),"") | G12: =IFERROR(INDEX(Events!$A:$A,MATCH(G9,Events!$J:$J,0)),"") | I12: =IFERROR(INDEX(Events!$A:$A,MATCH(I9,Events!$J:$J,0)),"") | M12: Blackout | O12: =IFERROR(INDEX(Events!$A:$A,MATCH(O9,Events!$J:$J,0)),"")
C13: =IF(O9="","",IF(MONTH(O9+1)<>MONTH(O9),"",O9+1)) -> 46026 | D13: =IFERROR(INDEX(Events!$A:$A,MATCH(C13,Events!$G:$G,0)),"") | E13: =IF(C13="","",IF(MONTH(C13+1)<>MONTH(C13),"",C13+1)) -> 46027 | F13: W2 | G13: =IF(E13="","",IF(MONTH(E13+1)<>MONTH(E13),"",E13+1)) -> 46028 | H13: W2+ | I13: =IF(G13="","",IF(MONTH(G13+1)<>MONTH(G13),"",G13+1)) -> 46029 | J13: W3 | K13: =IF(I13="","",IF(MONTH(I13+1)<>MONTH(I13),"",I13+1)) -> 46030 | L13: W4 | M13: =IF(K13="","",IF(MONTH(K13+1)<>MONTH(K13),"",K13+1)) -> 46031 | N13: W5 | O13: =IF(M13="","",IF(MONTH(M13+1)<>MONTH(M13),"",M13+1)) -> 46032 | P13: W6 | R13: week 2
C14: =IFERROR(INDEX(Events!$A:$A,MATCH(C13,Events!$H:$H,0)),"") | D14: =IFERROR(INDEX(Events!#REF!,MATCH(C14,Events!A:A,0)),"") | E14: =IFERROR(INDEX(Events!$A:$A,MATCH(E13,Events!$H:$H,0)),"") | F14: =IFERROR(INDEX(Events!#REF!,MATCH(E14,Events!C:C,0)),"") | G14: =IFERROR(INDEX(Events!$A:$A,MATCH(G13,Events!$H:$H,0)),"") | H14: =IFERROR(INDEX(Events!#REF!,MATCH(G14,Events!E:E,0)),"") | I14: Roll to next qtr | J14: =IFERROR(INDEX(Events!A:A,MATCH(I14,Events!G:G,0)),"") | K14: =IFERROR(INDEX(Events!$A:$A,MATCH(K13,Events!$H:$H,0)),"") | L14: =IFERROR(INDEX(Events!C:C,MATCH(K14,Events!G:G,0)),"") | M14: GTN update | N14: =IFERROR(INDEX(Events!E:E,MATCH(M14,Events!#REF!,0)),"") | O14: =IFERROR(INDEX(Events!$A:$A,MATCH(O13,Events!$H:$H,0)),"") | P14: =IFERROR(INDEX(Events!G:G,MATCH(O14,Events!K:K,0)),"")
C15: =IFERROR(INDEX(Events!$A:$A,MATCH(C13,Events!$I:$I,0)),"") | E15: =IFERROR(INDEX(Events!$A:$A,MATCH(E13,Events!$I:$I,0)),"") | G15: =IFERROR(INDEX(Events!$A:$A,MATCH(G13,Events!$I:$I,0)),"") | I15: AUR valuation | K15: =IFERROR(INDEX(Events!$A:$A,MATCH(K13,Events!$I:$I,0)),"") | M15: =IFERROR(INDEX(Events!$A:$A,MATCH(M13,Events!$I:$I,0)),"") | O15: =IFERROR(INDEX(Events!$A:$A,MATCH(O13,Events!$I:$I,0)),"")
C16: =IFERROR(INDEX(Events!$A:$A,MATCH(C13,Events!$J:$J,0)),"") | E16: =IFERROR(INDEX(Events!$A:$A,MATCH(E13,Events!$J:$J,0)),"") | G16: =IFERROR(INDEX(Events!$A:$A,MATCH(G13,Events!$J:$J,0)),"") | I16: =IFERROR(INDEX(Events!$A:$A,MATCH(I13,Events!$J:$J,0)),"") | K16: Daily Load report | M16: Daily Load report | O16: =IFERROR(INDEX(Events!$A:$A,MATCH(O13,Events!$J:$J,0)),"")
C17: =IF(O13="","",IF(MONTH(O13+1)<>MONTH(O13),"",O13+1)) -> 46033 | D17: =IFERROR(INDEX(Events!$A:$A,MATCH(C17,Events!$G:$G,0)),"") | E17: =IF(C17="","",IF(MONTH(C17+1)<>MONTH(C17),"",C17+1)) -> 46034 | F17: W7 | G17: =IF(E17="","",IF(MONTH(E17+1)<>MONTH(E17),"",E17+1)) -> 46035 | H17: W8 | I17: =IF(G17="","",IF(MONTH(G17+1)<>MONTH(G17),"",G17+1)) -> 46036 | J17: W9 | K17: =IF(I17="","",IF(MONTH(I17+1)<>MONTH(I17),"",I17+1)) -> 46037 | L17: W10 | M17: =IF(K17="","",IF(MONTH(K17+1)<>MONTH(K17),"",K17+1)) -> 46038 | N17: W11 | O17: =IF(M17="","",IF(MONTH(M17+1)<>MONTH(M17),"",M17+1)) -> 46039 | P17: =IFERROR(INDEX(Events!$A:$A,MATCH(O17,Events!$G:$G,0)),"") | R17: week 3
C18: =IFERROR(INDEX(Events!$A:$A,MATCH(C17,Events!$H:$H,0)),"") | D18: =IFERROR(INDEX(Events!#REF!,MATCH(C18,Events!A:A,0)),"") | E18: =IFERROR(INDEX(Events!$A:$A,MATCH(E17,Events!$H:$H,0)),"") | F18: =IFERROR(INDEX(Events!#REF!,MATCH(E18,Events!C:C,0)),"") | G18: =IFERROR(INDEX(Events!$A:$A,MATCH(G17,Events!$H:$H,0)),"") | H18: =IFERROR(INDEX(Events!#REF!,MATCH(G18,Events!E:E,0)),"") | I18: =IFERROR(INDEX(Events!$A:$A,MATCH(I17,Events!$H:$H,0)),"") | J18: =IFERROR(INDEX(Events!A:A,MATCH(I18,Events!G:G,0)),"") | K18: =IFERROR(INDEX(Events!$A:$A,MATCH(K17,Events!$H:$H,0)),"") | L18: =IFERROR(INDEX(Events!C:C,MATCH(K18,Events!I:I,0)),"") | M18: =IFERROR(INDEX(Events!$A:$A,MATCH(M17,Events!$H:$H,0)),"") | N18: =IFERROR(INDEX(Events!E:E,MATCH(M18,Events!#REF!,0)),"") | O18: =IFERROR(INDEX(Events!$A:$A,MATCH(O17,Events!$H:$H,0)),"") | P18: =IFERROR(INDEX(Events!G:G,MATCH(O18,Events!K:K,0)),"")
C19: =IFERROR(INDEX(Events!$A:$A,MATCH(C17,Events!$I:$I,0)),"") | E19: EPM Dashboard | G19: EPM Dashboard | I19: EPM Dashboard | K19: EPM Dashboard | M19: EPM Dashboard | O19: =IFERROR(INDEX(Events!$A:$A,MATCH(O17,Events!$I:$I,0)),"")
C20: =IFERROR(INDEX(Events!$A:$A,MATCH(C17,Events!$J:$J,0)),"") | E20: Daily Load report | G20: Daily Load report | I20: Daily Load report | K20: Daily Load report | M20: Daily Load report | O20: =IFERROR(INDEX(Events!$A:$A,MATCH(O17,Events!$J:$J,0)),"")
C21: =IF(O17="","",IF(MONTH(O17+1)<>MONTH(O17),"",O17+1)) -> 46040 | D21: =IFERROR(INDEX(Events!$A:$A,MATCH(C21,Events!$G:$G,0)),"") | E21: =IF(C21="","",IF(MONTH(C21+1)<>MONTH(C21),"",C21+1)) -> 46041 | F21: =IFERROR(INDEX(Events!$A:$A,MATCH(E21,Events!$G:$G,0)),"") -> ML King Day | G21: =IF(E21="","",IF(MONTH(E21+1)<>MONTH(E21),"",E21+1)) -> 46042 | H21: =IFERROR(INDEX(Events!$A:$A,MATCH(G21,Events!$G:$G,0)),"") | I21: =IF(G21="","",IF(MONTH(G21+1)<>MONTH(G21),"",G21+1)) -> 46043 | J21: =IFERROR(INDEX(Events!$A:$A,MATCH(I21,Events!$G:$G,0)),"") | K21: =IF(I21="","",IF(MONTH(I21+1)<>MONTH(I21),"",I21+1)) -> 46044 | L21: =IFERROR(INDEX(Events!$A:$A,MATCH(K21,Events!$G:$G,0)),"") | M21: =IF(K21="","",IF(MONTH(K21+1)<>MONTH(K21),"",K21+1)) -> 46045 | N21: =IFERROR(INDEX(Events!$A:$A,MATCH(M21,Events!$G:$G,0)),"") | O21: =IF(M21="","",IF(MONTH(M21+1)<>MONTH(M21),"",M21+1)) -> 46046 | P21: =IFERROR(INDEX(Events!$A:$A,MATCH(O21,Events!$G:$G,0)),"") | R21: week 4
C22: =IFERROR(INDEX(Events!$A:$A,MATCH(C21,Events!$H:$H,0)),"") | D22: =IFERROR(INDEX(Events!#REF!,MATCH(C22,Events!A:A,0)),"") | E22: =IFERROR(INDEX(Events!$A:$A,MATCH(E21,Events!$H:$H,0)),"") | F22: =IFERROR(INDEX(Events!#REF!,MATCH(E22,Events!C:C,0)),"") | G22: Ceph, Clever, Defend CUT-OFF | I22: =IFERROR(INDEX(Events!$A:$A,MATCH(I21,Events!$H:$H,0)),"") | J22: =IFERROR(INDEX(Events!A:A,MATCH(I22,Events!G:G,0)),"") | K22: =IFERROR(INDEX(Events!$A:$A,MATCH(K21,Events!$H:$H,0)),"") | L22: =IFERROR(INDEX(Events!C:C,MATCH(K22,Events!I:I,0)),"") | M22: =IFERROR(INDEX(Events!$A:$A,MATCH(M21,Events!$H:$H,0)),"") | N22: =IFERROR(INDEX(Events!E:E,MATCH(M22,Events!#REF!,0)),"") | O22: =IFERROR(INDEX(Events!$A:$A,MATCH(O21,Events!$H:$H,0)),"") | P22: =IFERROR(INDEX(Events!G:G,MATCH(O22,Events!K:K,0)),"")
C23: =IFERROR(INDEX(Events!$A:$A,MATCH(C21,Events!$I:$I,0)),"") | E23: EPM Dashboard | G23: EPM Dashboard | I23: EPM Dashboard | K23: EPM Dashboard | M23: EPM Dashboard | O23: =IFERROR(INDEX(Events!$A:$A,MATCH(O21,Events!$I:$I,0)),"")
C24: =IFERROR(INDEX(Events!$A:$A,MATCH(C21,Events!$J:$J,0)),"") | E24: Daily Load report | G24: Daily Load report | I24: Daily Load report | K24: Daily Load report | M24: Daily Load report | O24: =IFERROR(INDEX(Events!$A:$A,MATCH(O21,Events!$J:$J,0)),"")
C25: =IF(O21="","",IF(MONTH(O21+1)<>MONTH(O21),"",O21+1)) -> 46047 | D25: =IFERROR(INDEX(Events!$A:$A,MATCH(C25,Events!$G:$G,0)),"") | E25: =IF(C25="","",IF(MONTH(C25+1)<>MONTH(C25),"",C25+1)) -> 46048 | F25: =IFERROR(INDEX(Events!$A:$A,MATCH(E25,Events!$G:$G,0)),"") | G25: =IF(E25="","",IF(MONTH(E25+1)<>MONTH(E25),"",E25+1)) -> 46049 | H25: =IFERROR(INDEX(Events!$A:$A,MATCH(G25,Events!$G:$G,0)),"") | I25: =IF(G25="","",IF(MONTH(G25+1)<>MONTH(G25),"",G25+1)) -> 46050 | J25: =IFERROR(INDEX(Events!$A:$A,MATCH(I25,Events!$G:$G,0)),"") | K25: =IF(I25="","",IF(MONTH(I25+1)<>MONTH(I25),"",I25+1)) -> 46051 | M25: =IF(K25="","",IF(MONTH(K25+1)<>MONTH(K25),"",K25+1)) -> 46052 | O25: =IF(M25="","",IF(MONTH(M25+1)<>MONTH(M25),"",M25+1)) -> 46053 | P25: =IFERROR(INDEX(Events!$A:$A,MATCH(O25,Events!$G:$G,0)),"") | R25: week 5
C26: =IFERROR(INDEX(Events!$A:$A,MATCH(C25,Events!$H:$H,0)),"") | D26: =IFERROR(INDEX(Events!#REF!,MATCH(C26,Events!A:A,0)),"") | E26: =IFERROR(INDEX(Events!$A:$A,MATCH(E25,Events!$H:$H,0)),"") | F26: =IFERROR(INDEX(Events!#REF!,MATCH(E26,Events!C:C,0)),"") | G26: =IFERROR(INDEX(Events!$A:$A,MATCH(G25,Events!$H:$H,0)),"") | H26: =IFERROR(INDEX(Events!#REF!,MATCH(G26,Events!E:E,0)),"") | I26: PRELIM EARNINGS | J26: =IFERROR(INDEX(Events!A:A,MATCH(I26,Events!G:G,0)),"") | K26: =IFERROR(INDEX(Events!$A:$A,MATCH(K25,Events!$H:$H,0)),"") | L26: =IFERROR(INDEX(Events!C:C,MATCH(K26,Events!I:I,0)),"") | M26: =IFERROR(INDEX(Events!$A:$A,MATCH(M25,Events!$H:$H,0)),"") | N26: =IFERROR(INDEX(Events!E:E,MATCH(M26,Events!#REF!,0)),"") | O26: =IFERROR(INDEX(Events!$A:$A,MATCH(O25,Events!$H:$H,0)),"") | P26: =IFERROR(INDEX(Events!G:G,MATCH(O26,Events!K:K,0)),"")
C27: =IFERROR(INDEX(Events!$A:$A,MATCH(C25,Events!$I:$I,0)),"") | E27: EPM Dashboard | G27: EPM Dashboard | I27: EPM Dashboard | K27: EPM Dashboard | M27: EPM Dashboard | O27: =IFERROR(INDEX(Events!$A:$A,MATCH(O25,Events!$I:$I,0)),"")
C28: =IFERROR(INDEX(Events!$A:$A,MATCH(C25,Events!$J:$J,0)),"") | E28: Daily Load report | G28: Daily Load report | I28: Daily Load report | K28: Daily Load report | M28: Daily Load report | O28: =IFERROR(INDEX(Events!$A:$A,MATCH(O25,Events!$J:$J,0)),"")
C29: =IF(O25="","",IF(MONTH(O25+1)<>MONTH(O25),"",O25+1)) | D29: =IFERROR(INDEX(Events!$A:$A,MATCH(C29,Events!$G:$G,0)),"") | E29: =IF(C29="","",IF(MONTH(C29+1)<>MONTH(C29),"",C29+1)) | F29: =IFERROR(INDEX(Events!$A:$A,MATCH(E29,Events!$G:$G,0)),"")
C30: =IFERROR(INDEX(Events!$A:$A,MATCH(C29,Events!$H:$H,0)),"") | D30: =IFERROR(INDEX(Events!#REF!,MATCH(C30,Events!A:A,0)),"") | E30: =IFERROR(INDEX(Events!$A:$A,MATCH(E29,Events!$H:$H,0)),"") | F30: =IFERROR(INDEX(Events!#REF!,MATCH(E30,Events!C:C,0)),"")
C31: =IFERROR(INDEX(Events!$A:$A,MATCH(C29,Events!$I:$I,0)),"") | E31: =IFERROR(INDEX(Events!$A:$A,MATCH(E29,Events!$I:$I,0)),"")
C32: =IFERROR(INDEX(Events!$A:$A,MATCH(C29,Events!$J:$J,0)),"")
C34: Date: | D34: =DATE(YEAR('1Q26 '!$D$7),MONTH('1Q26 '!$D$7)+1,1) -> 46054
A35: =D34 -> 46054 | C35: Sunday | E35: Monday | G35: Tuesday | I35: Wednesday | K35: Thursday | M35: Friday | O35: Saturday | R35: week
C36: =IF(WEEKDAY($D$34,1)=startday,$D$34,"") -> 46054 | D36: =IFERROR(INDEX(Events!$A:$A,MATCH(C36,Events!$G:$G,0)),"") | E36: =IF(C36="",IF(WEEKDAY($D$34,1)=MOD(startday,7)+1,$D$34,""),C36+1) -> 46055 | F36: W1 | G36: =IF(E36="",IF(WEEKDAY($D$34,1)=MOD(startday+1,7)+1,$D$34,""),E36+1) -> 46056 | H36: W2 | I36: =IF(G36="",IF(WEEKDAY($D$34,1)=MOD(startday+2,7)+1,$D$34,""),G36+1) -> 46057 | J36: W2+ | K36: =IF(I36="",IF(WEEKDAY($D$34,1)=MOD(startday+3,7)+1,$D$34,""),I36+1) -> 46058 | L36: W3 | M36: =IF(K36="",IF(WEEKDAY($D$34,1)=MOD(startday+4,7)+1,$D$34,""),K36+1) -> 46059 | N36: W4 | O36: =IF(M36="",IF(WEEKDAY($D$34,1)=MOD(startday+5,7)+1,$D$34,""),M36+1) -> 46060 | P36: =IFERROR(INDEX(Events!$A:$A,MATCH(O36,Events!$G:$G,0)),"") | R36: week 6
C37: =IFERROR(INDEX(Events!$A:$A,MATCH(C36,Events!$H:$H,0)),"") | E37: January Final | G37: Roll to next mth | H37: =IFERROR(INDEX(Events!#REF!,MATCH(G37,Events!E:E,0)),"") | I37: =IFERROR(INDEX(Events!$A:$A,MATCH(I36,Events!$H:$H,0)),"") | K37: =IFERROR(INDEX(Events!$A:$A,MATCH(K36,Events!$H:$H,0)),"") | M37: =IFERROR(INDEX(Events!$A:$A,MATCH(M36,Events!$H:$H,0)),"") | O37: =IFERROR(INDEX(Events!$A:$A,MATCH(O36,Events!$H:$H,0)),"")
C38: =IFERROR(INDEX(Events!$A:$A,MATCH(C36,Events!$I:$I,0)),"") | E38: EPM Dashboard | G38: EPM Dashboard | I38: EPM Dashboard | K38: EPM Dashboard | M38: EPM Dashboard | O38: =IFERROR(INDEX(Events!$A:$A,MATCH(O36,Events!$I:$I,0)),"")
C39: Daily Load report | E39: Daily Load report | G39: Daily Load report | I39: Daily Load report | K39: Daily Load report | M39: Daily Load report
C40: =IF(O36="","",IF(MONTH(O36+1)<>MONTH(O36),"",O36+1)) -> 46061 | D40: =IFERROR(INDEX(Events!$A:$A,MATCH(C40,Events!$G:$G,0)),"") | E40: =IF(C40="","",IF(MONTH(C40+1)<>MONTH(C40),"",C40+1)) -> 46062 | F40: W5 | G40: =IF(E40="","",IF(MONTH(E40+1)<>MONTH(E40),"",E40+1)) -> 46063 | H40: W6 | I40: =IF(G40="","",IF(MONTH(G40+1)<>MONTH(G40),"",G40+1)) -> 46064 | J40: W7 | K40: =IF(I40="","",IF(MONTH(I40+1)<>MONTH(I40),"",I40+1)) -> 46065 | L40: W8 | M40: =IF(K40="","",IF(MONTH(K40+1)<>MONTH(K40),"",K40+1)) -> 46066 | N40: W9 | O40: =IF(M40="","",IF(MONTH(M40+1)<>MONTH(M40),"",M40+1)) -> 46067 | R40: week 7
C41: =IFERROR(INDEX(Events!$A:$A,MATCH(C40,Events!$H:$H,0)),"") | G41: GTN update | H41: =IFERROR(INDEX(Events!#REF!,MATCH(G41,Events!#REF!,0)),"") | I41: L2L Alignment | J41: =IFERROR(INDEX(Events!A:A,MATCH(I41,Events!#REF!,0)),"") | K41: =IFERROR(INDEX(Events!$A:$A,MATCH(K40,Events!$H:$H,0)),"") | M41: =IFERROR(INDEX(Events!$A:$A,MATCH(M40,Events!$H:$H,0)),"") | O41: =IFERROR(INDEX(Events!$A:$A,MATCH(O40,Events!$H:$H,0)),"")
C42: =IFERROR(INDEX(Events!$A:$A,MATCH(C40,Events!$I:$I,0)),"") | E42: EPM Dashboard | G42: EPM Dashboard | I42: EPM Dashboard | K42: EPM Dashboard | M42: EPM Dashboard | O42: =IFERROR(INDEX(Events!$A:$A,MATCH(O40,Events!$I:$I,0)),"")
C43: =IFERROR(INDEX(Events!$A:$A,MATCH(C40,Events!$J:$J,0)),"") | E43: Daily Load report | G43: Daily Load report | I43: Daily Load report | K43: Daily Load report | M43: Daily Load report | O43: =IFERROR(INDEX(Events!$A:$A,MATCH(O40,Events!$J:$J,0)),"")
C44: =IF(O40="","",IF(MONTH(O40+1)<>MONTH(O40),"",O40+1)) -> 46068 | D44: =IFERROR(INDEX(Events!$A:$A,MATCH(C44,Events!$G:$G,0)),"") | E44: =IF(C44="","",IF(MONTH(C44+1)<>MONTH(C44),"",C44+1)) -> 46069 | F44: W10 | G44: =IF(E44="","",IF(MONTH(E44+1)<>MONTH(E44),"",E44+1)) -> 46070 | I44: =IF(G44="","",IF(MONTH(G44+1)<>MONTH(G44),"",G44+1)) -> 46071 | K44: =IF(I44="","",IF(MONTH(I44+1)<>MONTH(I44),"",I44+1)) -> 46072 | M44: =IF(K44="","",IF(MONTH(K44+1)<>MONTH(K44),"",K44+1)) -> 46073 | O44: =IF(M44="","",IF(MONTH(M44+1)<>MONTH(M44),"",M44+1)) -> 46074 | P44: =IFERROR(INDEX(Events!$A:$A,MATCH(O44,Events!$G:$G,0)),"") | R44: week 8
C45: =IFERROR(INDEX(Events!$A:$A,MATCH(C44,Events!$H:$H,0)),"") | E45: =IFERROR(INDEX(Events!$A:$A,MATCH(E44,Events!$H:$H,0)),"") | G45: =IFERROR(INDEX(Events!$A:$A,MATCH(G44,Events!$H:$H,0)),"") -> Mardi Gras | I45: =IFERROR(INDEX(Events!$A:$A,MATCH(I44,Events!$H:$H,0)),"") -> Ramadan begins | K45: =IFERROR(INDEX(Events!$A:$A,MATCH(K44,Events!$H:$H,0)),"") | M45: =IFERROR(INDEX(Events!$A:$A,MATCH(M44,Events!$H:$H,0)),"") | O45: =IFERROR(INDEX(Events!$A:$A,MATCH(O44,Events!$H:$H,0)),"")
C46: =IFERROR(INDEX(Events!$A:$A,MATCH(C44,Events!$I:$I,0)),"") | E46: EPM Dashboard | G46: EPM Dashboard | I46: EPM Dashboard | K46: EPM Dashboard | M46: EPM Dashboard | O46: =IFERROR(INDEX(Events!$A:$A,MATCH(O44,Events!$I:$I,0)),"")
C47: =IFERROR(INDEX(Events!$A:$A,MATCH(C44,Events!$J:$J,0)),"") | E47: Daily Load report | G47: Daily Load report | I47: Daily Load report | K47: Daily Load report | M47: Daily Load report | O47: =IFERROR(INDEX(Events!$A:$A,MATCH(O44,Events!$J:$J,0)),"")
C48: =IF(O44="","",IF(MONTH(O44+1)<>MONTH(O44),"",O44+1)) -> 46075 | D48: =IFERROR(INDEX(Events!$A:$A,MATCH(C48,Events!$G:$G,0)),"") | E48: =IF(C48="","",IF(MONTH(C48+1)<>MONTH(C48),"",C48+1)) -> 46076 | F48: =IFERROR(INDEX(Events!$A:$A,MATCH(E48,Events!$G:$G,0)),"") | G48: =IF(E48="","",IF(MONTH(E48+1)<>MONTH(E48),"",E48+1)) -> 46077 | H48: =IFERROR(INDEX(Events!$A:$A,MATCH(G48,Events!$G:$G,0)),"") | I48: =IF(G48="","",IF(MONTH(G48+1)<>MONTH(G48),"",G48+1)) -> 46078 | J48: =IFERROR(INDEX(Events!$A:$A,MATCH(I48,Events!$G:$G,0)),"") | K48: =IF(I48="","",IF(MONTH(I48+1)<>MONTH(I48),"",I48+1)) -> 46079 | L48: =IFERROR(INDEX(Events!$A:$A,MATCH(K48,Events!$G:$G,0)),"") | M48: =IF(K48="","",IF(MONTH(K48+1)<>MONTH(K48),"",K48+1)) -> 46080 | N48: =IFERROR(INDEX(Events!$A:$A,MATCH(M48,Events!$G:$G,0)),"") | O48: =IF(M48="","",IF(MONTH(M48+1)<>MONTH(M48),"",M48+1)) -> 46081 | P48: =IFERROR(INDEX(Events!$A:$A,MATCH(O48,Events!$G:$G,0)),"") | R48: week 9
C49: =IFERROR(INDEX(Events!$A:$A,MATCH(C48,Events!$H:$H,0)),"") | E49: =IFERROR(INDEX(Events!$A:$A,MATCH(E48,Events!$H:$H,0)),"") | G49: =IFERROR(INDEX(Events!$A:$A,MATCH(G48,Events!$H:$H,0)),"") | I49: =IFERROR(INDEX(Events!$A:$A,MATCH(I48,Events!$H:$H,0)),"") | K49: =IFERROR(INDEX(Events!$A:$A,MATCH(K48,Events!$H:$H,0)),"") | M49: =IFERROR(INDEX(Events!$A:$A,MATCH(M48,Events!$H:$H,0)),"") | O49: =IFERROR(INDEX(Events!$A:$A,MATCH(O48,Events!$H:$H,0)),"")
C50: =IFERROR(INDEX(Events!$A:$A,MATCH(C48,Events!$I:$I,0)),"") | E50: EPM Dashboard | G50: EPM Dashboard | I50: EPM Dashboard | K50: EPM Dashboard | M50: EPM Dashboard | O50: =IFERROR(INDEX(Events!$A:$A,MATCH(O48,Events!$I:$I,0)),"")
C51: =IFERROR(INDEX(Events!$A:$A,MATCH(C48,Events!$J:$J,0)),"") | E51: Daily Load report | G51: Daily Load report | I51: Daily Load report | K51: Daily Load report | M51: Daily Load report | O51: =IFERROR(INDEX(Events!$A:$A,MATCH(O48,Events!$J:$J,0)),"")
C52: =IF(O48="","",IF(MONTH(O48+1)<>MONTH(O48),"",O48+1)) | D52: =IFERROR(INDEX(Events!$A:$A,MATCH(C52,Events!$G:$G,0)),"") | E52: =IF(C52="","",IF(MONTH(C52+1)<>MONTH(C52),"",C52+1)) | F52: =IFERROR(INDEX(Events!$A:$A,MATCH(E52,Events!$G:$G,0)),"") | G52: =IF(E52="","",IF(MONTH(E52+1)<>MONTH(E52),"",E52+1)) | H52: =IFERROR(INDEX(Events!$A:$A,MATCH(G52,Events!$G:$G,0)),"") | I52: =IF(G52="","",IF(MONTH(G52+1)<>MONTH(G52),"",G52+1)) | J52: =IFERROR(INDEX(Events!$A:$A,MATCH(I52,Events!$G:$G,0)),"") | K52: =IF(I52="","",IF(MONTH(I52+1)<>MONTH(I52),"",I52+1)) | L52: DTG2 | M52: =IF(K52="","",IF(MONTH(K52+1)<>MONTH(K52),"",K52+1)) | N52: DTG1 | O52: =IF(M52="","",IF(MONTH(M52+1)<>MONTH(M52),"",M52+1)) | P52: =IFERROR(INDEX(Events!$A:$A,MATCH(O52,Events!$G:$G,0)),"") | R52: week 9
C53: =IFERROR(INDEX(Events!$A:$A,MATCH(C52,Events!$H:$H,0)),"") | E53: =IFERROR(INDEX(Events!$A:$A,MATCH(E52,Events!$H:$H,0)),"") | G53: =IFERROR(INDEX(Events!$A:$A,MATCH(G52,Events!$H:$H,0)),"") | I53: =IFERROR(INDEX(Events!$A:$A,MATCH(I52,Events!$H:$H,0)),"") | K53: =IFERROR(INDEX(Events!$A:$A,MATCH(K52,Events!$H:$H,0)),"") | M53: =IFERROR(INDEX(Events!$A:$A,MATCH(M52,Events!$H:$H,0)),"") | O53: =IFERROR(INDEX(Events!$A:$A,MATCH(O52,Events!$H:$H,0)),"")
C54: =IFERROR(INDEX(Events!$A:$A,MATCH(C52,Events!$I:$I,0)),"") | E54: EPM Dashboard | G54: =IFERROR(INDEX(Events!$A:$A,MATCH(G52,Events!$I:$I,0)),"") | I54: =IFERROR(INDEX(Events!$A:$A,MATCH(I52,Events!$I:$I,0)),"") | K54: EPM Dashboard | M54: EPM Dashboard | O54: =IFERROR(INDEX(Events!$A:$A,MATCH(O52,Events!$I:$I,0)),"")
C55: =IFERROR(INDEX(Events!$A:$A,MATCH(C52,Events!$J:$J,0)),"") | E55: Daily Load report | G55: Daily Load report | I55: Daily Load report | K55: Daily Load report | M55: Daily Load report | O55: =IFERROR(INDEX(Events!$A:$A,MATCH(O52,Events!$J:$J,0)),"")
C56: =IF(O52="","",IF(MONTH(O52+1)<>MONTH(O52),"",O52+1)) | D56: =IFERROR(INDEX(Events!$A:$A,MATCH(C56,Events!$G:$G,0)),"") | E56: =IF(C56="","",IF(MONTH(C56+1)<>MONTH(C56),"",C56+1)) | F56: =IFERROR(INDEX(Events!$A:$A,MATCH(E56,Events!$G:$G,0)),"")
C57: =IFERROR(INDEX(Events!$A:$A,MATCH(C56,Events!$H:$H,0)),"") | D57: =IFERROR(INDEX(Events!#REF!,MATCH(C57,Events!A:A,0)),"") | E57: =IFERROR(INDEX(Events!$A:$A,MATCH(E56,Events!$H:$H,0)),"") | F57: =IFERROR(INDEX(Events!#REF!,MATCH(E57,Events!C:C,0)),"")
C58: =IFERROR(INDEX(Events!$A:$A,MATCH(C56,Events!$I:$I,0)),"") | E58: =IFERROR(INDEX(Events!$A:$A,MATCH(E56,Events!$I:$I,0)),"")
C59: =IFERROR(INDEX(Events!$A:$A,MATCH(C56,Events!$J:$J,0)),"")
C61: Date: | D61: =DATE(YEAR('1Q26 '!$D$7),MONTH('1Q26 '!$D$7)+2,1) -> 46082
A62: =D61 -> 46082 | C62: Sunday | E62: Monday | G62: Tuesday | I62: Wednesday | K62: Thursday | M62: Friday | O62: Saturday | R62: week
C63: =IF(WEEKDAY($D$61,1)=startday,$D$61,"") -> 46082 | D63: =IFERROR(INDEX(Events!$A:$A,MATCH(C63,Events!$G:$G,0)),"") | E63: =IF(C63="","",IF(MONTH(C63+1)<>MONTH(C63),"",C63+1)) -> 46083 | F63: W1 | G63: =IF(E63="",IF(WEEKDAY($D$61,1)=MOD(startday+1,7)+1,$D$61,""),E63+1) -> 46084 | H63: W2 | I63: =IF(G63="",IF(WEEKDAY($D$61,1)=MOD(startday+2,7)+1,$D$61,""),G63+1) -> 46085 | J63: W3 | K63: =IF(I63="",IF(WEEKDAY($D$61,1)=MOD(startday+3,7)+1,$D$61,""),I63+1) -> 46086 | L63: W4 | M63: =IF(K63="",IF(WEEKDAY($D$61,1)=MOD(startday+4,7)+1,$D$61,""),K63+1) -> 46087 | N63: W5 | O63: =IF(M63="",IF(WEEKDAY($D$61,1)=MOD(startday+5,7)+1,$D$61,""),M63+1) -> 46088 | R63: week 10
C64: =IFERROR(INDEX(Events!$A:$A,MATCH(C63,Events!$H:$H,0)),"") | E64: February Final | G64: Roll to next mth | H64: =IFERROR(INDEX(Events!#REF!,MATCH(G64,Events!E:E,0)),"") | I64: =IFERROR(INDEX(Events!$A:$A,MATCH(I63,Events!$H:$H,0)),"") | K64: =IFERROR(INDEX(Events!$A:$A,MATCH(K63,Events!$H:$H,0)),"") | M64: GTN update | N64: =IFERROR(INDEX(Events!#REF!,MATCH(M64,Events!#REF!,0)),"") | O64: =IFERROR(INDEX(Events!$A:$A,MATCH(O63,Events!$H:$H,0)),"")
C65: =IFERROR(INDEX(Events!$A:$A,MATCH(C63,Events!$I:$I,0)),"") | E65: EPM Dashboard | G65: EPM Dashboard | I65: EPM Dashboard | K65: EPM Dashboard | M65: EPM Dashboard | O65: =IFERROR(INDEX(Events!$A:$A,MATCH(O63,Events!$I:$I,0)),"")
C66: Daily Load report | E66: Daily Load report | G66: Daily Load report | I66: Daily Load report | K66: Daily Load report | M66: Daily Load report
C67: =IF(O63="","",IF(MONTH(O63+1)<>MONTH(O63),"",O63+1)) -> 46089 | D67: =IFERROR(INDEX(Events!$A:$A,MATCH(C67,Events!$G:$G,0)),"") -> Daylight Saving | E67: =IF(C67="","",IF(MONTH(C67+1)<>MONTH(C67),"",C67+1)) -> 46090 | F67: W6 | G67: =IF(E67="","",IF(MONTH(E67+1)<>MONTH(E67),"",E67+1)) -> 46091 | H67: W7 | I67: =IF(G67="","",IF(MONTH(G67+1)<>MONTH(G67),"",G67+1)) -> 46092 | J67: W8 | K67: =IF(I67="","",IF(MONTH(I67+1)<>MONTH(I67),"",I67+1)) -> 46093 | L67: W9 | M67: =IF(K67="","",IF(MONTH(K67+1)<>MONTH(K67),"",K67+1)) -> 46094 | N67: W10 | O67: =IF(M67="","",IF(MONTH(M67+1)<>MONTH(M67),"",M67+1)) -> 46095 | P67: =IFERROR(INDEX(Events!$A:$A,MATCH(O67,Events!$G:$G,0)),"") | R67: week 11
C68: =IFERROR(INDEX(Events!$A:$A,MATCH(C67,Events!$H:$H,0)),"") | E68: L2L Alignment | F68: =IFERROR(INDEX(Events!#REF!,MATCH(E68,Events!#REF!,0)),"") | G68: HE CUT-OFF | I68: =IFERROR(INDEX(Events!$A:$A,MATCH(I67,Events!$H:$H,0)),"") | K68: =IFERROR(INDEX(Events!$A:$A,MATCH(K67,Events!$H:$H,0)),"") | M68: =IFERROR(INDEX(Events!$A:$A,MATCH(M67,Events!$H:$H,0)),"") | O68: =IFERROR(INDEX(Events!$A:$A,MATCH(O67,Events!$H:$H,0)),"")
C69: =IFERROR(INDEX(Events!$A:$A,MATCH(C67,Events!$I:$I,0)),"") | E69: EPM Dashboard | G69: EPM Dashboard | I69: EPM Dashboard | K69: EPM Dashboard | M69: EPM Dashboard | O69: =IFERROR(INDEX(Events!$A:$A,MATCH(O67,Events!$I:$I,0)),"")
C70: =IFERROR(INDEX(Events!$A:$A,MATCH(C67,Events!$J:$J,0)),"") | E70: Daily Load report | G70: Daily Load report | I70: Daily Load report | K70: Daily Load report | M70: Daily Load report | O70: =IFERROR(INDEX(Events!$A:$A,MATCH(O67,Events!$J:$J,0)),"")
C71: =IF(O67="","",IF(MONTH(O67+1)<>MONTH(O67),"",O67+1)) -> 46096 | D71: =IFERROR(INDEX(Events!$A:$A,MATCH(C71,Events!$G:$G,0)),"") | E71: =IF(C71="","",IF(MONTH(C71+1)<>MONTH(C71),"",C71+1)) -> 46097 | G71: =IF(E71="","",IF(MONTH(E71+1)<>MONTH(E71),"",E71+1)) -> 46098 | I71: =IF(G71="","",IF(MONTH(G71+1)<>MONTH(G71),"",G71+1)) -> 46099 | J71: DTG10 | K71: =IF(I71="","",IF(MONTH(I71+1)<>MONTH(I71),"",I71+1)) -> 46100 | L71: DTG9 | M71: =IF(K71="","",IF(MONTH(K71+1)<>MONTH(K71),"",K71+1)) -> 46101 | N71: DTG8 | O71: =IF(M71="","",IF(MONTH(M71+1)<>MONTH(M71),"",M71+1)) -> 46102 | P71: =IFERROR(INDEX(Events!$A:$A,MATCH(O71,Events!$G:$G,0)),"") | R71: week 12
C72: =IFERROR(INDEX(Events!$A:$A,MATCH(C71,Events!$H:$H,0)),"") | E72: =IFERROR(INDEX(Events!$A:$A,MATCH(E71,Events!$H:$H,0)),"") | G72: HV CUT-OFF | I72: =IFERROR(INDEX(Events!$A:$A,MATCH(I71,Events!$H:$H,0)),"") | K72: =IFERROR(INDEX(Events!$A:$A,MATCH(K71,Events!$H:$H,0)),"") | O72: =IFERROR(INDEX(Events!$A:$A,MATCH(O71,Events!$H:$H,0)),"")
C73: =IFERROR(INDEX(Events!$A:$A,MATCH(C71,Events!$I:$I,0)),"") | E73: EPM Dashboard | G73: EPM Dashboard | I73: EPM Dashboard | K73: EPM Dashboard | M73: EPM Dashboard | O73: EPM Dashboard
C74: =IFERROR(INDEX(Events!$A:$A,MATCH(C71,Events!$J:$J,0)),"") | E74: Daily Load report | G74: Daily Load report | I74: Daily Load report | K74: Daily Load report | M74: Daily Load report | O74: Daily Load report
C75: =IF(O71="","",IF(MONTH(O71+1)<>MONTH(O71),"",O71+1)) -> 46103 | D75: =IFERROR(INDEX(Events!$A:$A,MATCH(C75,Events!$G:$G,0)),"") | E75: =IF(C75="","",IF(MONTH(C75+1)<>MONTH(C75),"",C75+1)) -> 46104 | F75: DTG7 | G75: =IF(E75="","",IF(MONTH(E75+1)<>MONTH(E75),"",E75+1)) -> 46105 | H75: DTG6 | I75: =IF(G75="","",IF(MONTH(G75+1)<>MONTH(G75),"",G75+1)) -> 46106 | J75: DTG5 | K75: =IF(I75="","",IF(MONTH(I75+1)<>MONTH(I75),"",I75+1)) -> 46107 | L75: DTG4 | M75: =IF(K75="","",IF(MONTH(K75+1)<>MONTH(K75),"",K75+1)) -> 46108 | N75: DTG3 | O75: =IF(M75="","",IF(MONTH(M75+1)<>MONTH(M75),"",M75+1)) -> 46109 | P75: =IFERROR(INDEX(Events!$A:$A,MATCH(O75,Events!$G:$G,0)),"") | R75: week 13
C76: =IFERROR(INDEX(Events!$A:$A,MATCH(C75,Events!$H:$H,0)),"") | E76: =IFERROR(INDEX(Events!$A:$A,MATCH(E75,Events!$H:$H,0)),"") | G76: =IFERROR(INDEX(Events!$A:$A,MATCH(G75,Events!$H:$H,0)),"") | I76: =IFERROR(INDEX(Events!$A:$A,MATCH(I75,Events!$H:$H,0)),"") | K76: =IFERROR(INDEX(Events!$A:$A,MATCH(K75,Events!$H:$H,0)),"") | M76: =IFERROR(INDEX(Events!$A:$A,MATCH(M75,Events!$H:$H,0)),"") | O76: =IFERROR(INDEX(Events!$A:$A,MATCH(O75,Events!$H:$H,0)),"")
C77: =IFERROR(INDEX(Events!$A:$A,MATCH(C75,Events!$I:$I,0)),"") | E77: EPM Dashboard | G77: EPM Dashboard | I77: EPM Dashboard | K77: EPM Dashboard | M77: EPM Dashboard | O77: EPM Dashboard
C78: =IFERROR(INDEX(Events!$A:$A,MATCH(C75,Events!$J:$J,0)),"") | E78: Daily Load report | G78: Daily Load report | I78: Daily Load report | K78: Daily Load report | M78: Daily Load report | O78: Daily Load report
C79: =IF(O75="","",IF(MONTH(O75+1)<>MONTH(O75),"",O75+1)) -> 46110 | D79: =IFERROR(INDEX(Events!$A:$A,MATCH(C79,Events!$G:$G,0)),"") | E79: =IF(C79="","",IF(MONTH(C79+1)<>MONTH(C79),"",C79+1)) -> 46111 | F79: DTG2 | G79: =IF(E79="","",IF(MONTH(E79+1)<>MONTH(E79),"",E79+1)) -> 46112 | H79: DTG1 | I79: 1 | J79: W1 | R79: week 13 (cont)
C80: =IFERROR(INDEX(Events!$A:$A,MATCH(C79,Events!$H:$H,0)),"") | E80: =IFERROR(INDEX(Events!$A:$A,MATCH(E79,Events!$H:$H,0)),"") | G80: =IFERROR(INDEX(Events!$A:$A,MATCH(G79,Events!$H:$H,0)),"") | I80: =IFERROR(INDEX(Events!$A:$A,MATCH(I79,Events!$H:$H,0)),"")
C81: =IFERROR(INDEX(Events!$A:$A,MATCH(C79,Events!$I:$I,0)),"") | E81: EPM Dashboard | G81: EPM Dashboard | I81: EPM Dashboard
C82: =IFERROR(INDEX(Events!$A:$A,MATCH(C79,Events!$J:$J,0)),"") | E82: Daily Load report | G82: Daily Load report | I82: Daily Load report
C83: =IF(O79="","",IF(MONTH(O79+1)<>MONTH(O79),"",O79+1)) | D83: =IFERROR(INDEX(Events!$A:$A,MATCH(C83,Events!$G:$G,0)),"") | E83: =IF(C83="","",IF(MONTH(C83+1)<>MONTH(C83),"",C83+1)) | F83: DTG1 | G83: 1 | H83: W1 | R83: week 13 (cont)
C84: =IFERROR(INDEX(Events!$A:$A,MATCH(C83,Events!$H:$H,0)),"") | E84: =IFERROR(INDEX(Events!$A:$A,MATCH(E83,Events!$H:$H,0)),"") | G84: Final Load | H84: =IFERROR(INDEX(Events!#REF!,MATCH(G84,Events!E:E,0)),"") | I84: WW courtesy run
C85: =IFERROR(INDEX(Events!$A:$A,MATCH(C83,Events!$I:$I,0)),"") | E85: EPM Dashboard
C86: Daily Load report | E86: Daily Load report | G86: Blackout

Sheet 2Q26
C1: Quarterly Calendar Template
C2: Year | D2: 2026 | G2: Start Month | H2: 4 | K2: Start Day | L2: 1 | M2: 1:Sun,2:Mon | P2: © 2015 Vertex42 LLC
P3: Quarterly Calendar
C5: 2Q Load Calendar
C7: Date: | D7: =DATE(D2,H2,1) -> 46113
A8: =D7 -> 46113 | C8: Sunday | E8: Monday | G8: Tuesday | I8: Wednesday | K8: Thursday | M8: Friday | O8: Saturday | R8: week
C9: =IF(WEEKDAY($D$7,1)=startday,$D$7,"") | D9: =IFERROR(INDEX(Events!$A:$A,MATCH(C9,Events!$G:$G,0)),"") | E9: =IF(C9="",IF(WEEKDAY($D$7,1)=MOD(startday,7)+1,$D$7,""),C9+1) | F9: =IFERROR(INDEX(Events!$A:$A,MATCH(E9,Events!$G:$G,0)),"") | G9: =IF(E9="",IF(WEEKDAY($D$7,1)=MOD(startday+1,7)+1,$D$7,""),E9+1) | H9: =IFERROR(INDEX(Events!$A:$A,MATCH(G9,Events!$G:$G,0)),"") | I9: 1 | J9: W1 | K9: =IF(I9="",IF(WEEKDAY($D$7,1)=MOD(startday+3,7)+1,$D$7,""),I9+1) -> 2 | L9: W2 | M9: =IF(K9="",IF(WEEKDAY($D$7,1)=MOD(startday+4,7)+1,$D$7,""),K9+1) -> 3 | N9: W3 | O9: =IF(M9="",IF(WEEKDAY($D$7,1)=MOD(startday+5,7)+1,$D$7,""),M9+1) -> 4 | P9: =IFERROR(INDEX(Events!$A:$A,MATCH(O9,Events!$G:$G,0)),"") | R9: week 1
C10: =IFERROR(INDEX(Events!$A:$A,MATCH(C9,Events!$H:$H,0)),"") | D10: =IFERROR(INDEX(Events!#REF!,MATCH(C10,Events!A:A,0)),"") | E10: =IFERROR(INDEX(Events!$A:$A,MATCH(E9,Events!$H:$H,0)),"") | F10: =IFERROR(INDEX(Events!#REF!,MATCH(E10,Events!C:C,0)),"") | G10: =IFERROR(INDEX(Events!$A:$A,MATCH(G9,Events!$H:$H,0)),"") | H10: =IFERROR(INDEX(Events!#REF!,MATCH(G10,Events!E:E,0)),"") | I10: Final Load | J10: =IFERROR(INDEX(Events!A:A,MATCH(I10,Events!G:G,0)),"") | M10: =IFERROR(INDEX(Events!$A:$A,MATCH(M9,Events!$H:$H,0)),"") | N10: =IFERROR(INDEX(Events!E:E,MATCH(M10,Events!I:I,0)),"") | O10: =IFERROR(INDEX(Events!$A:$A,MATCH(O9,Events!$H:$H,0)),"") | P10: =IFERROR(INDEX(Events!G:G,MATCH(O10,Events!K:K,0)),"")
C11: =IFERROR(INDEX(Events!$A:$A,MATCH(C9,Events!$I:$I,0)),"") | E11: =IFERROR(INDEX(Events!$A:$A,MATCH(E9,Events!$I:$I,0)),"") | G11: =IFERROR(INDEX(Events!$A:$A,MATCH(G9,Events!$I:$I,0)),"") | I11: EPM Dashboard | M11: =IFERROR(INDEX(Events!$A:$A,MATCH(M9,Events!$I:$I,0)),"") | O11: =IFERROR(INDEX(Events!$A:$A,MATCH(O9,Events!$I:$I,0)),"")
C12: =IFERROR(INDEX(Events!$A:$A,MATCH(C9,Events!$J:$J,0)),"") | E12: =IFERROR(INDEX(Events!$A:$A,MATCH(E9,Events!$J:$J,0)),"") | G12: =IFERROR(INDEX(Events!$A:$A,MATCH(G9,Events!$J:$J,0)),"") | I12: Blackout | M12: =IFERROR(INDEX(Events!$A:$A,MATCH(M9,Events!$J:$J,0)),"") | O12: =IFERROR(INDEX(Events!$A:$A,MATCH(O9,Events!$J:$J,0)),"")
C13: =IF(O9="","",IF(MONTH(O9+1)<>MONTH(O9),"",O9+1)) -> 5 | D13: =IFERROR(INDEX(Events!$A:$A,MATCH(C13,Events!$G:$G,0)),"") | E13: =IF(C13="","",IF(MONTH(C13+1)<>MONTH(C13),"",C13+1)) -> 6 | F13: W4 | G13: =IF(E13="","",IF(MONTH(E13+1)<>MONTH(E13),"",E13+1)) -> 7 | H13: W5 | I13: =IF(G13="","",IF(MONTH(G13+1)<>MONTH(G13),"",G13+1)) -> 8 | J13: W6 | K13: =IF(I13="","",IF(MONTH(I13+1)<>MONTH(I13),"",I13+1)) -> 9 | L13: W7 | M13: =IF(K13="","",IF(MONTH(K13+1)<>MONTH(K13),"",K13+1)) -> 10 | N13: W8 | O13: =IF(M13="","",IF(MONTH(M13+1)<>MONTH(M13),"",M13+1)) -> 11 | R13: week 2
C14: =IFERROR(INDEX(Events!$A:$A,MATCH(C13,Events!$H:$H,0)),"") | D14: =IFERROR(INDEX(Events!#REF!,MATCH(C14,Events!A:A,0)),"") | E14: =IFERROR(INDEX(Events!$A:$A,MATCH(E13,Events!$H:$H,0)),"") | F14: =IFERROR(INDEX(Events!#REF!,MATCH(E14,Events!C:C,0)),"") | G14: Roll to next qtr | H14: =IFERROR(INDEX(Events!#REF!,MATCH(G14,Events!E:E,0)),"") | I14: GTN update | J14: =IFERROR(INDEX(Events!A:A,MATCH(I14,Events!#REF!,0)),"") | K14: =IFERROR(INDEX(Events!$A:$A,MATCH(K13,Events!$H:$H,0)),"") | L14: =IFERROR(INDEX(Events!C:C,MATCH(K14,Events!G:G,0)),"") | M14: =IFERROR(INDEX(Events!$A:$A,MATCH(M13,Events!$H:$H,0)),"") | N14: =IFERROR(INDEX(Events!E:E,MATCH(M14,Events!I:I,0)),"") | O14: =IFERROR(INDEX(Events!$A:$A,MATCH(O13,Events!$H:$H,0)),"") | P14: =IFERROR(INDEX(Events!G:G,MATCH(O14,Events!K:K,0)),"")
C15: =IFERROR(INDEX(Events!$A:$A,MATCH(C13,Events!$I:$I,0)),"") | E15: =IFERROR(INDEX(Events!$A:$A,MATCH(E13,Events!$I:$I,0)),"") | G15: AUR valuation | I15: EPM Dashboard | K15: EPM Dashboard | M15: EPM Dashboard | O15: =IFERROR(INDEX(Events!$A:$A,MATCH(O13,Events!$I:$I,0)),"")
C16: =IFERROR(INDEX(Events!$A:$A,MATCH(C13,Events!$J:$J,0)),"") | E16: =IFERROR(INDEX(Events!$A:$A,MATCH(E13,Events!$J:$J,0)),"") | G16: =IFERROR(INDEX(Events!$A:$A,MATCH(G13,Events!$J:$J,0)),"") | I16: Daily Load report | K16: Daily Load report | M16: Daily Load report | O16: =IFERROR(INDEX(Events!$A:$A,MATCH(O13,Events!$J:$J,0)),"")
C17: =IF(O13="","",IF(MONTH(O13+1)<>MONTH(O13),"",O13+1)) -> 12 | D17: =IFERROR(INDEX(Events!$A:$A,MATCH(C17,Events!$G:$G,0)),"") | E17: =IF(C17="","",IF(MONTH(C17+1)<>MONTH(C17),"",C17+1)) -> 13 | G17: =IF(E17="","",IF(MONTH(E17+1)<>MONTH(E17),"",E17+1)) -> 14 | I17: =IF(G17="","",IF(MONTH(G17+1)<>MONTH(G17),"",G17+1)) -> 15 | K17: =IF(I17="","",IF(MONTH(I17+1)<>MONTH(I17),"",I17+1)) -> 16 | M17: =IF(K17="","",IF(MONTH(K17+1)<>MONTH(K17),"",K17+1)) -> 17 | O17: =IF(M17="","",IF(MONTH(M17+1)<>MONTH(M17),"",M17+1)) -> 18 | P17: =IFERROR(INDEX(Events!$A:$A,MATCH(O17,Events!$G:$G,0)),"") | R17: week 3
C18: =IFERROR(INDEX(Events!$A:$A,MATCH(C17,Events!$H:$H,0)),"") | D18: =IFERROR(INDEX(Events!#REF!,MATCH(C18,Events!A:A,0)),"") | E18: =IFERROR(INDEX(Events!$A:$A,MATCH(E17,Events!$H:$H,0)),"") | F18: =IFERROR(INDEX(Events!#REF!,MATCH(E18,Events!C:C,0)),"") | G18: =IFERROR(INDEX(Events!$A:$A,MATCH(G17,Events!$H:$H,0)),"") | H18: =IFERROR(INDEX(Events!#REF!,MATCH(G18,Events!E:E,0)),"") | I18: =IFERROR(INDEX(Events!$A:$A,MATCH(I17,Events!$H:$H,0)),"") | J18: =IFERROR(INDEX(Events!A:A,MATCH(I18,Events!G:G,0)),"") | K18: =IFERROR(INDEX(Events!$A:$A,MATCH(K17,Events!$H:$H,0)),"") | L18: =IFERROR(INDEX(Events!C:C,MATCH(K18,Events!I:I,0)),"") | M18: =IFERROR(INDEX(Events!$A:$A,MATCH(M17,Events!$H:$H,0)),"") | N18: =IFERROR(INDEX(Events!E:E,MATCH(M18,Events!#REF!,0)),"") | O18: =IFERROR(INDEX(Events!$A:$A,MATCH(O17,Events!$H:$H,0)),"") | P18: =IFERROR(INDEX(Events!G:G,MATCH(O18,Events!K:K,0)),"")
C19: =IFERROR(INDEX(Events!$A:$A,MATCH(C17,Events!$I:$I,0)),"") | E19: EPM Dashboard | G19: EPM Dashboard | I19: EPM Dashboard | K19: EPM Dashboard | M19: EPM Dashboard | O19: =IFERROR(INDEX(Events!$A:$A,MATCH(O17,Events!$I:$I,0)),"")
C20: =IFERROR(INDEX(Events!$A:$A,MATCH(C17,Events!$J:$J,0)),"") | E20: Daily Load report | G20: Daily Load report | I20: Daily Load report | K20: Daily Load report | M20: Daily Load report | O20: =IFERROR(INDEX(Events!$A:$A,MATCH(O17,Events!$J:$J,0)),"")
C21: =IF(O17="","",IF(MONTH(O17+1)<>MONTH(O17),"",O17+1)) -> 19 | D21: =IFERROR(INDEX(Events!$A:$A,MATCH(C21,Events!$G:$G,0)),"") | E21: =IF(C21="","",IF(MONTH(C21+1)<>MONTH(C21),"",C21+1)) -> 20 | F21: =IFERROR(INDEX(Events!$A:$A,MATCH(E21,Events!$G:$G,0)),"") | G21: =IF(E21="","",IF(MONTH(E21+1)<>MONTH(E21),"",E21+1)) -> 21 | H21: =IFERROR(INDEX(Events!$A:$A,MATCH(G21,Events!$G:$G,0)),"") | I21: =IF(G21="","",IF(MONTH(G21+1)<>MONTH(G21),"",G21+1)) -> 22 | J21: =IFERROR(INDEX(Events!$A:$A,MATCH(I21,Events!$G:$G,0)),"") | K21: =IF(I21="","",IF(MONTH(I21+1)<>MONTH(I21),"",I21+1)) -> 23 | L21: =IFERROR(INDEX(Events!$A:$A,MATCH(K21,Events!$G:$G,0)),"") | M21: =IF(K21="","",IF(MONTH(K21+1)<>MONTH(K21),"",K21+1)) -> 24 | N21: =IFERROR(INDEX(Events!$A:$A,MATCH(M21,Events!$G:$G,0)),"") | O21: =IF(M21="","",IF(MONTH(M21+1)<>MONTH(M21),"",M21+1)) -> 25 | P21: =IFERROR(INDEX(Events!$A:$A,MATCH(O21,Events!$G:$G,0)),"") | R21: week 4
C22: =IFERROR(INDEX(Events!$A:$A,MATCH(C21,Events!$H:$H,0)),"") | D22: =IFERROR(INDEX(Events!#REF!,MATCH(C22,Events!A:A,0)),"") | E22: =IFERROR(INDEX(Events!$A:$A,MATCH(E21,Events!$H:$H,0)),"") | F22: =IFERROR(INDEX(Events!#REF!,MATCH(E22,Events!C:C,0)),"") | G22: Ceph, Clever, Defend CUT-OFF | I22: PRELIM EARNINGS | J22: =IFERROR(INDEX(Events!A:A,MATCH(I22,Events!G:G,0)),"") | K22: =IFERROR(INDEX(Events!$A:$A,MATCH(K21,Events!$H:$H,0)),"") | L22: =IFERROR(INDEX(Events!C:C,MATCH(K22,Events!I:I,0)),"") | M22: =IFERROR(INDEX(Events!$A:$A,MATCH(M21,Events!$H:$H,0)),"") | N22: =IFERROR(INDEX(Events!E:E,MATCH(M22,Events!#REF!,0)),"") | O22: =IFERROR(INDEX(Events!$A:$A,MATCH(O21,Events!$H:$H,0)),"") | P22: =IFERROR(INDEX(Events!G:G,MATCH(O22,Events!K:K,0)),"")
C23: =IFERROR(INDEX(Events!$A:$A,MATCH(C21,Events!$I:$I,0)),"") | E23: EPM Dashboard | G23: EPM Dashboard | I23: EPM Dashboard | K23: EPM Dashboard | M23: EPM Dashboard | O23: =IFERROR(INDEX(Events!$A:$A,MATCH(O21,Events!$I:$I,0)),"")
C24: =IFERROR(INDEX(Events!$A:$A,MATCH(C21,Events!$J:$J,0)),"") | E24: Daily Load report | G24: Daily Load report | I24: Daily Load report | K24: Daily Load report | M24: Daily Load report | O24: =IFERROR(INDEX(Events!$A:$A,MATCH(O21,Events!$J:$J,0)),"")
C25: =IF(O21="","",IF(MONTH(O21+1)<>MONTH(O21),"",O21+1)) -> 26 | D25: =IFERROR(INDEX(Events!$A:$A,MATCH(C25,Events!$G:$G,0)),"") | E25: =IF(C25="","",IF(MONTH(C25+1)<>MONTH(C25),"",C25+1)) -> 27 | F25: =IFERROR(INDEX(Events!$A:$A,MATCH(E25,Events!$G:$G,0)),"") | G25: =IF(E25="","",IF(MONTH(E25+1)<>MONTH(E25),"",E25+1)) -> 28 | H25: =IFERROR(INDEX(Events!$A:$A,MATCH(G25,Events!$G:$G,0)),"") | I25: =IF(G25="","",IF(MONTH(G25+1)<>MONTH(G25),"",G25+1)) -> 29 | J25: =IFERROR(INDEX(Events!$A:$A,MATCH(I25,Events!$G:$G,0)),"") | K25: =IF(I25="","",IF(MONTH(I25+1)<>MONTH(I25),"",I25+1)) -> 30 | M25: 1 | O25: =IF(M25="","",IF(MONTH(M25+1)<>MONTH(M25),"",M25+1)) -> 2 | P25: =IFERROR(INDEX(Events!$A:$A,MATCH(O25,Events!$G:$G,0)),"") | R25: week 5
C26: =IFERROR(INDEX(Events!$A:$A,MATCH(C25,Events!$H:$H,0)),"") | D26: =IFERROR(INDEX(Events!#REF!,MATCH(C26,Events!A:A,0)),"") | E26: =IFERROR(INDEX(Events!$A:$A,MATCH(E25,Events!$H:$H,0)),"") | F26: =IFERROR(INDEX(Events!#REF!,MATCH(E26,Events!C:C,0)),"") | G26: =IFERROR(INDEX(Events!$A:$A,MATCH(G25,Events!$H:$H,0)),"") | H26: =IFERROR(INDEX(Events!#REF!,MATCH(G26,Events!E:E,0)),"") | I26: =IFERROR(INDEX(Events!$A:$A,MATCH(I25,Events!$H:$H,0)),"") | J26: =IFERROR(INDEX(Events!#REF!,MATCH(I26,Events!G:G,0)),"") | K26: =IFERROR(INDEX(Events!$A:$A,MATCH(K25,Events!$H:$H,0)),"") | L26: =IFERROR(INDEX(Events!C:C,MATCH(K26,Events!I:I,0)),"") | M26: Labor DAY | N26: =IFERROR(INDEX(Events!E:E,MATCH(M26,Events!#REF!,0)),"") | O26: =IFERROR(INDEX(Events!$A:$A,MATCH(O25,Events!$H:$H,0)),"") | P26: =IFERROR(INDEX(Events!G:G,MATCH(O26,Events!K:K,0)),"")
C27: =IFERROR(INDEX(Events!$A:$A,MATCH(C25,Events!$I:$I,0)),"") | E27: EPM Dashboard | G27: EPM Dashboard | I27: EPM Dashboard | K27: EPM Dashboard | M27: EPM Dashboard | O27: =IFERROR(INDEX(Events!$A:$A,MATCH(O25,Events!$I:$I,0)),"")
C28: =IFERROR(INDEX(Events!$A:$A,MATCH(C25,Events!$J:$J,0)),"") | E28: Daily Load report | G28: Daily Load report | I28: Daily Load report | K28: Daily Load report | M28: Daily Load report | O28: =IFERROR(INDEX(Events!$A:$A,MATCH(O25,Events!$J:$J,0)),"")
C29: =IF(O25="","",IF(MONTH(O25+1)<>MONTH(O25),"",O25+1)) -> 3 | D29: =IFERROR(INDEX(Events!$A:$A,MATCH(C29,Events!$G:$G,0)),"") | E29: =IF(C29="","",IF(MONTH(C29+1)<>MONTH(C29),"",C29+1)) -> 4 | F29: =IFERROR(INDEX(Events!$A:$A,MATCH(E29,Events!$G:$G,0)),"")
C30: =IFERROR(INDEX(Events!$A:$A,MATCH(C29,Events!$H:$H,0)),"") | D30: =IFERROR(INDEX(Events!#REF!,MATCH(C30,Events!A:A,0)),"") | E30: =IFERROR(INDEX(Events!$A:$A,MATCH(E29,Events!$H:$H,0)),"") | F30: =IFERROR(INDEX(Events!#REF!,MATCH(E30,Events!C:C,0)),"")
C31: =IFERROR(INDEX(Events!$A:$A,MATCH(C29,Events!$I:$I,0)),"") | E31: =IFERROR(INDEX(Events!$A:$A,MATCH(E29,Events!$I:$I,0)),"")
C32: =IFERROR(INDEX(Events!$A:$A,MATCH(C29,Events!$J:$J,0)),"")
C34: Date: | D34: =DATE(YEAR('2Q26'!$D$7),MONTH('2Q26'!$D$7)+1,1) -> 46143
A35: =D34 -> 46143 | C35: Sunday | E35: Monday | G35: Tuesday | I35: Wednesday | K35: Thursday | M35: Friday | O35: Saturday | R35: week
C36: 3 | D36: =IFERROR(INDEX(Events!$A:$A,MATCH(C36,Events!$G:$G,0)),"") | E36: =IF(C36="",IF(WEEKDAY($D$34,1)=MOD(startday,7)+1,$D$34,""),C36+1) -> 4 | F36: W1 | G36: =IF(E36="",IF(WEEKDAY($D$34,1)=MOD(startday+1,7)+1,$D$34,""),E36+1) -> 5 | H36: W2 | I36: =IF(G36="",IF(WEEKDAY($D$34,1)=MOD(startday+2,7)+1,$D$34,""),G36+1) -> 6 | J36: W3 | K36: =IF(I36="",IF(WEEKDAY($D$34,1)=MOD(startday+3,7)+1,$D$34,""),I36+1) -> 7 | L36: W4 | M36: 8 | N36: W5 | O36: =IF(M36="",IF(WEEKDAY($D$34,1)=MOD(startday+5,7)+1,$D$34,""),M36+1) -> 9 | P36: =IFERROR(INDEX(Events!$A:$A,MATCH(O36,Events!$G:$G,0)),"") | R36: week 6
C37: =IFERROR(INDEX(Events!$A:$A,MATCH(C36,Events!$H:$H,0)),"") | E37: April Final | F37: =IFERROR(INDEX(Events!#REF!,MATCH(E37,Events!#REF!,0)),"") | G37: Roll to next mth | H37: =IFERROR(INDEX(Events!#REF!,MATCH(G37,Events!E:E,0)),"") | I37: =IFERROR(INDEX(Events!$A:$A,MATCH(I36,Events!$H:$H,0)),"") | K37: =IFERROR(INDEX(Events!$A:$A,MATCH(K36,Events!$H:$H,0)),"") | M37: =IFERROR(INDEX(Events!$A:$A,MATCH(M36,Events!$H:$H,0)),"") | O37: =IFERROR(INDEX(Events!$A:$A,MATCH(O36,Events!$H:$H,0)),"")
C38: =IFERROR(INDEX(Events!$A:$A,MATCH(C36,Events!$I:$I,0)),"") | E38: EPM Dashboard | G38: EPM Dashboard | I38: EPM Dashboard | K38: EPM Dashboard | M38: EPM Dashboard | O38: =IFERROR(INDEX(Events!$A:$A,MATCH(O36,Events!$I:$I,0)),"")
E39: Daily Load report | G39: Daily Load report | I39: Daily Load report | K39: Daily Load report | M39: Daily Load report
C40: =IF(O36="","",IF(MONTH(O36+1)<>MONTH(O36),"",O36+1)) -> 10 | D40: =IFERROR(INDEX(Events!$A:$A,MATCH(C40,Events!$G:$G,0)),"") | E40: =IF(C40="","",IF(MONTH(C40+1)<>MONTH(C40),"",C40+1)) -> 11 | F40: W6 | G40: =IF(E40="","",IF(MONTH(E40+1)<>MONTH(E40),"",E40+1)) -> 12 | H40: W7 | I40: =IF(G40="","",IF(MONTH(G40+1)<>MONTH(G40),"",G40+1)) -> 13 | J40: W8 | K40: =IF(I40="","",IF(MONTH(I40+1)<>MONTH(I40),"",I40+1)) -> 14 | L40: W9 | M40: =IF(K40="","",IF(MONTH(K40+1)<>MONTH(K40),"",K40+1)) -> 15 | N40: W10 | O40: =IF(M40="","",IF(MONTH(M40+1)<>MONTH(M40),"",M40+1)) -> 16 | R40: week 7
C41: =IFERROR(INDEX(Events!$A:$A,MATCH(C40,Events!$H:$H,0)),"") | E41: GTN update | G41: L2L Alignment | H41: =IFERROR(INDEX(Events!#REF!,MATCH(G41,Events!#REF!,0)),"") | I41: =IFERROR(INDEX(Events!$A:$A,MATCH(I40,Events!$H:$H,0)),"") | K41: =IFERROR(INDEX(Events!$A:$A,MATCH(K40,Events!$H:$H,0)),"") | M41: =IFERROR(INDEX(Events!$A:$A,MATCH(M40,Events!$H:$H,0)),"") | O41: =IFERROR(INDEX(Events!$A:$A,MATCH(O40,Events!$H:$H,0)),"")
C42: =IFERROR(INDEX(Events!$A:$A,MATCH(C40,Events!$I:$I,0)),"") | E42: EPM Dashboard | G42: EPM Dashboard | I42: EPM Dashboard | K42: EPM Dashboard | M42: EPM Dashboard | O42: =IFERROR(INDEX(Events!$A:$A,MATCH(O40,Events!$I:$I,0)),"")
C43: =IFERROR(INDEX(Events!$A:$A,MATCH(C40,Events!$J:$J,0)),"") | E43: Daily Load report | G43: Daily Load report | I43: Daily Load report | K43: Daily Load report | M43: Daily Load report | O43: =IFERROR(INDEX(Events!$A:$A,MATCH(O40,Events!$J:$J,0)),"")
C44: =IF(O40="","",IF(MONTH(O40+1)<>MONTH(O40),"",O40+1)) -> 17 | D44: =IFERROR(INDEX(Events!$A:$A,MATCH(C44,Events!$G:$G,0)),"") | E44: =IF(C44="","",IF(MONTH(C44+1)<>MONTH(C44),"",C44+1)) -> 18 | F44: W10 | G44: =IF(E44="","",IF(MONTH(E44+1)<>MONTH(E44),"",E44+1)) -> 19 | I44: =IF(G44="","",IF(MONTH(G44+1)<>MONTH(G44),"",G44+1)) -> 20 | K44: =IF(I44="","",IF(MONTH(I44+1)<>MONTH(I44),"",I44+1)) -> 21 | M44: =IF(K44="","",IF(MONTH(K44+1)<>MONTH(K44),"",K44+1)) -> 22 | O44: =IF(M44="","",IF(MONTH(M44+1)<>MONTH(M44),"",M44+1)) -> 23 | P44: =IFERROR(INDEX(Events!$A:$A,MATCH(O44,Events!$G:$G,0)),"") | R44: week 8
C45: =IFERROR(INDEX(Events!$A:$A,MATCH(C44,Events!$H:$H,0)),"") | E45: =IFERROR(INDEX(Events!$A:$A,MATCH(E44,Events!$H:$H,0)),"") | G45: =IFERROR(INDEX(Events!$A:$A,MATCH(G44,Events!$H:$H,0)),"") | I45: =IFERROR(INDEX(Events!$A:$A,MATCH(I44,Events!$H:$H,0)),"") | K45: =IFERROR(INDEX(Events!$A:$A,MATCH(K44,Events!$H:$H,0)),"") | M45: =IFERROR(INDEX(Events!$A:$A,MATCH(M44,Events!$H:$H,0)),"") | O45: =IFERROR(INDEX(Events!$A:$A,MATCH(O44,Events!$H:$H,0)),"")
C46: =IFERROR(INDEX(Events!$A:$A,MATCH(C44,Events!$I:$I,0)),"") | E46: EPM Dashboard | G46: EPM Dashboard | I46: EPM Dashboard | K46: EPM Dashboard | M46: EPM Dashboard | O46: =IFERROR(INDEX(Events!$A:$A,MATCH(O44,Events!$I:$I,0)),"")
C47: =IFERROR(INDEX(Events!$A:$A,MATCH(C44,Events!$J:$J,0)),"") | E47: Daily Load report | G47: Daily Load report | I47: Daily Load report | K47: Daily Load report | M47: Daily Load report | O47: =IFERROR(INDEX(Events!$A:$A,MATCH(O44,Events!$J:$J,0)),"")
C48: =IF(O44="","",IF(MONTH(O44+1)<>MONTH(O44),"",O44+1)) -> 24 | D48: =IFERROR(INDEX(Events!$A:$A,MATCH(C48,Events!$G:$G,0)),"") | E48: =IF(C48="","",IF(MONTH(C48+1)<>MONTH(C48),"",C48+1)) -> 25 | F48: =IFERROR(INDEX(Events!$A:$A,MATCH(E48,Events!$G:$G,0)),"") | G48: =IF(E48="","",IF(MONTH(E48+1)<>MONTH(E48),"",E48+1)) -> 26 | H48: =IFERROR(INDEX(Events!$A:$A,MATCH(G48,Events!$G:$G,0)),"") | I48: =IF(G48="","",IF(MONTH(G48+1)<>MONTH(G48),"",G48+1)) -> 27 | J48: =IFERROR(INDEX(Events!$A:$A,MATCH(I48,Events!$G:$G,0)),"") | K48: =IF(I48="","",IF(MONTH(I48+1)<>MONTH(I48),"",I48+1)) -> 28 | L48: =IFERROR(INDEX(Events!$A:$A,MATCH(K48,Events!$G:$G,0)),"") | M48: =IF(K48="","",IF(MONTH(K48+1)<>MONTH(K48),"",K48+1)) -> 29 | N48: =IFERROR(INDEX(Events!$A:$A,MATCH(M48,Events!$G:$G,0)),"") | O48: =IF(M48="","",IF(MONTH(M48+1)<>MONTH(M48),"",M48+1)) -> 30 | P48: =IFERROR(INDEX(Events!$A:$A,MATCH(O48,Events!$G:$G,0)),"") | R48: week 9
C49: =IFERROR(INDEX(Events!$A:$A,MATCH(C48,Events!$H:$H,0)),"") | E49: =IFERROR(INDEX(Events!$A:$A,MATCH(E48,Events!$H:$H,0)),"") | G49: =IFERROR(INDEX(Events!$A:$A,MATCH(G48,Events!$H:$H,0)),"") | I49: =IFERROR(INDEX(Events!$A:$A,MATCH(I48,Events!$H:$H,0)),"") | K49: =IFERROR(INDEX(Events!$A:$A,MATCH(K48,Events!$H:$H,0)),"") | M49: =IFERROR(INDEX(Events!$A:$A,MATCH(M48,Events!$H:$H,0)),"") | O49: =IFERROR(INDEX(Events!$A:$A,MATCH(O48,Events!$H:$H,0)),"")
C50: =IFERROR(INDEX(Events!$A:$A,MATCH(C48,Events!$I:$I,0)),"") | E50: EPM Dashboard | G50: EPM Dashboard | I50: EPM Dashboard | K50: EPM Dashboard | M50: EPM Dashboard | O50: =IFERROR(INDEX(Events!$A:$A,MATCH(O48,Events!$I:$I,0)),"")
C51: =IFERROR(INDEX(Events!$A:$A,MATCH(C48,Events!$J:$J,0)),"") | E51: Daily Load report | G51: Daily Load report | I51: Daily Load report | K51: Daily Load report | M51: Daily Load report | O51: =IFERROR(INDEX(Events!$A:$A,MATCH(O48,Events!$J:$J,0)),"")
C52: =IF(O48="","",IF(MONTH(O48+1)<>MONTH(O48),"",O48+1)) -> 31 | D52: =IFERROR(INDEX(Events!$A:$A,MATCH(C52,Events!$G:$G,0)),"") | E52: =IF(C52="","",IF(MONTH(C52+1)<>MONTH(C52),"",C52+1)) | F52: =IFERROR(INDEX(Events!$A:$A,MATCH(E52,Events!$G:$G,0)),"") | G52: =IF(E52="","",IF(MONTH(E52+1)<>MONTH(E52),"",E52+1)) | H52: =IFERROR(INDEX(Events!$A:$A,MATCH(G52,Events!$G:$G,0)),"") | I52: =IF(G52="","",IF(MONTH(G52+1)<>MONTH(G52),"",G52+1)) | J52: =IFERROR(INDEX(Events!$A:$A,MATCH(I52,Events!$G:$G,0)),"") | K52: =IF(I52="","",IF(MONTH(I52+1)<>MONTH(I52),"",I52+1)) | L52: DTG2 | M52: =IF(K52="","",IF(MONTH(K52+1)<>MONTH(K52),"",K52+1)) | N52: DTG1 | O52: =IF(M52="","",IF(MONTH(M52+1)<>MONTH(M52),"",M52+1)) | P52: =IFERROR(INDEX(Events!$A:$A,MATCH(O52,Events!$G:$G,0)),"") | R52: week 9
C53: =IFERROR(INDEX(Events!$A:$A,MATCH(C52,Events!$H:$H,0)),"") | E53: =IFERROR(INDEX(Events!$A:$A,MATCH(E52,Events!$H:$H,0)),"") | G53: =IFERROR(INDEX(Events!$A:$A,MATCH(G52,Events!$H:$H,0)),"") | I53: =IFERROR(INDEX(Events!$A:$A,MATCH(I52,Events!$H:$H,0)),"") | K53: =IFERROR(INDEX(Events!$A:$A,MATCH(K52,Events!$H:$H,0)),"") | M53: =IFERROR(INDEX(Events!$A:$A,MATCH(M52,Events!$H:$H,0)),"") | O53: =IFERROR(INDEX(Events!$A:$A,MATCH(O52,Events!$H:$H,0)),"")
C54: =IFERROR(INDEX(Events!$A:$A,MATCH(C52,Events!$I:$I,0)),"") | E54: EPM Dashboard | G54: =IFERROR(INDEX(Events!$A:$A,MATCH(G52,Events!$I:$I,0)),"") | I54: =IFERROR(INDEX(Events!$A:$A,MATCH(I52,Events!$I:$I,0)),"") | K54: EPM Dashboard | M54: EPM Dashboard | O54: =IFERROR(INDEX(Events!$A:$A,MATCH(O52,Events!$I:$I,0)),"")
C55: =IFERROR(INDEX(Events!$A:$A,MATCH(C52,Events!$J:$J,0)),"") | E55: Daily Load report | G55: Daily Load report | I55: Daily Load report | K55: Daily Load report | M55: Daily Load report | O55: =IFERROR(INDEX(Events!$A:$A,MATCH(O52,Events!$J:$J,0)),"")
C56: =IF(O52="","",IF(MONTH(O52+1)<>MONTH(O52),"",O52+1)) | D56: =IFERROR(INDEX(Events!$A:$A,MATCH(C56,Events!$G:$G,0)),"") | E56: =IF(C56="","",IF(MONTH(C56+1)<>MONTH(C56),"",C56+1)) | F56: =IFERROR(INDEX(Events!$A:$A,MATCH(E56,Events!$G:$G,0)),"")
C57: =IFERROR(INDEX(Events!$A:$A,MATCH(C56,Events!$H:$H,0)),"") | D57: =IFERROR(INDEX(Events!#REF!,MATCH(C57,Events!A:A,0)),"") | E57: =IFERROR(INDEX(Events!$A:$A,MATCH(E56,Events!$H:$H,0)),"") | F57: =IFERROR(INDEX(Events!#REF!,MATCH(E57,Events!C:C,0)),"")
C58: =IFERROR(INDEX(Events!$A:$A,MATCH(C56,Events!$I:$I,0)),"") | E58: =IFERROR(INDEX(Events!$A:$A,MATCH(E56,Events!$I:$I,0)),"")
C59: =IFERROR(INDEX(Events!$A:$A,MATCH(C56,Events!$J:$J,0)),"")
C61: Date: | D61: =DATE(YEAR('2Q26'!$D$7),MONTH('2Q26'!$D$7)+2,1) -> 46174
A62: =D61 -> 46174 | C62: Sunday | E62: Monday | G62: Tuesday | I62: Wednesday | K62: Thursday | M62: Friday | O62: Saturday | R62: week
C63: 31 | D63: =IFERROR(INDEX(Events!$A:$A,MATCH(C63,Events!$G:$G,0)),"") | E63: 1 | F63: W1 | G63: =IF(E63="",IF(WEEKDAY($D$61,1)=MOD(startday+1,7)+1,$D$61,""),E63+1) -> 2 | H63: W2 | I63: =IF(G63="",IF(WEEKDAY($D$61,1)=MOD(startday+2,7)+1,$D$61,""),G63+1) -> 3 | J63: W3 | K63: =IF(I63="",IF(WEEKDAY($D$61,1)=MOD(startday+3,7)+1,$D$61,""),I63+1) -> 4 | L63: W4 | M63: =IF(K63="",IF(WEEKDAY($D$61,1)=MOD(startday+4,7)+1,$D$61,""),K63+1) -> 5 | N63: W5 | O63: =IF(M63="",IF(WEEKDAY($D$61,1)=MOD(startday+5,7)+1,$D$61,""),M63+1) -> 6 | R63: week 10
C64: =IFERROR(INDEX(Events!$A:$A,MATCH(C63,Events!$H:$H,0)),"") | E64: February Final | G64: Roll to next mth | H64: =IFERROR(INDEX(Events!#REF!,MATCH(G64,Events!E:E,0)),"") | I64: =IFERROR(INDEX(Events!$A:$A,MATCH(I63,Events!$H:$H,0)),"") | K64: =IFERROR(INDEX(Events!$A:$A,MATCH(K63,Events!$H:$H,0)),"") | M64: GTN update | N64: =IFERROR(INDEX(Events!#REF!,MATCH(M64,Events!#REF!,0)),"") | O64: =IFERROR(INDEX(Events!$A:$A,MATCH(O63,Events!$H:$H,0)),"")
C65: =IFERROR(INDEX(Events!$A:$A,MATCH(C63,Events!$I:$I,0)),"") | E65: EPM Dashboard | G65: EPM Dashboard | I65: EPM Dashboard | K65: EPM Dashboard | M65: EPM Dashboard | O65: =IFERROR(INDEX(Events!$A:$A,MATCH(O63,Events!$I:$I,0)),"")
E66: Daily Load report | G66: Daily Load report | I66: Daily Load report | K66: Daily Load report | M66: Daily Load report
C67: =IF(O63="","",IF(MONTH(O63+1)<>MONTH(O63),"",O63+1)) -> 7 | D67: =IFERROR(INDEX(Events!$A:$A,MATCH(C67,Events!$G:$G,0)),"") | E67: =IF(C67="","",IF(MONTH(C67+1)<>MONTH(C67),"",C67+1)) -> 8 | F67: W6 | G67: =IF(E67="","",IF(MONTH(E67+1)<>MONTH(E67),"",E67+1)) -> 9 | H67: W7 | I67: =IF(G67="","",IF(MONTH(G67+1)<>MONTH(G67),"",G67+1)) -> 10 | J67: W8 | K67: =IF(I67="","",IF(MONTH(I67+1)<>MONTH(I67),"",I67+1)) -> 11 | L67: W9 | M67: =IF(K67="","",IF(MONTH(K67+1)<>MONTH(K67),"",K67+1)) -> 12 | N67: W10 | O67: =IF(M67="","",IF(MONTH(M67+1)<>MONTH(M67),"",M67+1)) -> 13 | P67: =IFERROR(INDEX(Events!$A:$A,MATCH(O67,Events!$G:$G,0)),"") | R67: week 11
C68: =IFERROR(INDEX(Events!$A:$A,MATCH(C67,Events!$H:$H,0)),"") | E68: L2L Alignment | F68: =IFERROR(INDEX(Events!#REF!,MATCH(E68,Events!#REF!,0)),"") | G68: HE CUT-OFF | I68: =IFERROR(INDEX(Events!$A:$A,MATCH(I67,Events!$H:$H,0)),"") | K68: =IFERROR(INDEX(Events!$A:$A,MATCH(K67,Events!$H:$H,0)),"") | M68: =IFERROR(INDEX(Events!$A:$A,MATCH(M67,Events!$H:$H,0)),"") | O68: =IFERROR(INDEX(Events!$A:$A,MATCH(O67,Events!$H:$H,0)),"")
C69: =IFERROR(INDEX(Events!$A:$A,MATCH(C67,Events!$I:$I,0)),"") | E69: EPM Dashboard | G69: EPM Dashboard | I69: EPM Dashboard | K69: EPM Dashboard | M69: EPM Dashboard | O69: =IFERROR(INDEX(Events!$A:$A,MATCH(O67,Events!$I:$I,0)),"")
C70: =IFERROR(INDEX(Events!$A:$A,MATCH(C67,Events!$J:$J,0)),"") | E70: Daily Load report | G70: Daily Load report | I70: Daily Load report | K70: Daily Load report | M70: Daily Load report | O70: =IFERROR(INDEX(Events!$A:$A,MATCH(O67,Events!$J:$J,0)),"")
C71: =IF(O67="","",IF(MONTH(O67+1)<>MONTH(O67),"",O67+1)) -> 14 | D71: =IFERROR(INDEX(Events!$A:$A,MATCH(C71,Events!$G:$G,0)),"") | E71: =IF(C71="","",IF(MONTH(C71+1)<>MONTH(C71),"",C71+1)) -> 15 | G71: =IF(E71="","",IF(MONTH(E71+1)<>MONTH(E71),"",E71+1)) -> 16 | I71: =IF(G71="","",IF(MONTH(G71+1)<>MONTH(G71),"",G71+1)) -> 17 | J71: DTG10 | K71: =IF(I71="","",IF(MONTH(I71+1)<>MONTH(I71),"",I71+1)) -> 18 | L71: DTG9 | M71: =IF(K71="","",IF(MONTH(K71+1)<>MONTH(K71),"",K71+1)) -> 19 | N71: DTG8 | O71: =IF(M71="","",IF(MONTH(M71+1)<>MONTH(M71),"",M71+1)) -> 20 | P71: =IFERROR(INDEX(Events!$A:$A,MATCH(O71,Events!$G:$G,0)),"") | R71: week 12
C72: =IFERROR(INDEX(Events!$A:$A,MATCH(C71,Events!$H:$H,0)),"") | E72: =IFERROR(INDEX(Events!$A:$A,MATCH(E71,Events!$H:$H,0)),"") | G72: HV CUT-OFF | I72: Daily Tracker | K72: =IFERROR(INDEX(Events!$A:$A,MATCH(K71,Events!$H:$H,0)),"") | M72: Daily Tracker | O72: =IFERROR(INDEX(Events!$A:$A,MATCH(O71,Events!$H:$H,0)),"")
C73: =IFERROR(INDEX(Events!$A:$A,MATCH(C71,Events!$I:$I,0)),"") | E73: EPM Dashboard | G73: EPM Dashboard | I73: EPM Dashboard | K73: EPM Dashboard | M73: EPM Dashboard | O73: EPM Dashboard
C74: =IFERROR(INDEX(Events!$A:$A,MATCH(C71,Events!$J:$J,0)),"") | E74: Daily Load report | G74: Daily Load report | I74: Daily Load report | K74: Daily Load report | M74: Daily Load report | O74: Daily Load report
C75: =IF(O71="","",IF(MONTH(O71+1)<>MONTH(O71),"",O71+1)) -> 21 | D75: =IFERROR(INDEX(Events!$A:$A,MATCH(C75,Events!$G:$G,0)),"") | E75: =IF(C75="","",IF(MONTH(C75+1)<>MONTH(C75),"",C75+1)) -> 22 | F75: DTG7 | G75: =IF(E75="","",IF(MONTH(E75+1)<>MONTH(E75),"",E75+1)) -> 23 | H75: DTG6 | I75: =IF(G75="","",IF(MONTH(G75+1)<>MONTH(G75),"",G75+1)) -> 24 | J75: DTG5 | K75: =IF(I75="","",IF(MONTH(I75+1)<>MONTH(I75),"",I75+1)) -> 25 | L75: DTG4 | M75: =IF(K75="","",IF(MONTH(K75+1)<>MONTH(K75),"",K75+1)) -> 26 | N75: DTG3 | O75: =IF(M75="","",IF(MONTH(M75+1)<>MONTH(M75),"",M75+1)) -> 27 | P75: =IFERROR(INDEX(Events!$A:$A,MATCH(O75,Events!$G:$G,0)),"") | R75: week 13
C76: =IFERROR(INDEX(Events!$A:$A,MATCH(C75,Events!$H:$H,0)),"") | E76: Daily Tracker | G76: =IFERROR(INDEX(Events!$A:$A,MATCH(G75,Events!$H:$H,0)),"") | I76: Daily Tracker | K76: =IFERROR(INDEX(Events!$A:$A,MATCH(K75,Events!$H:$H,0)),"") | M76: Daily Tracker | O76: =IFERROR(INDEX(Events!$A:$A,MATCH(O75,Events!$H:$H,0)),"")
C77: =IFERROR(INDEX(Events!$A:$A,MATCH(C75,Events!$I:$I,0)),"") | E77: EPM Dashboard | G77: EPM Dashboard | I77: EPM Dashboard | K77: EPM Dashboard | M77: EPM Dashboard | O77: EPM Dashboard
C78: =IFERROR(INDEX(Events!$A:$A,MATCH(C75,Events!$J:$J,0)),"") | E78: Daily Load report | G78: Daily Load report | I78: Daily Load report | K78: Daily Load report | M78: Daily Load report | O78: Daily Load report
C79: =IF(O75="","",IF(MONTH(O75+1)<>MONTH(O75),"",O75+1)) -> 28 | D79: =IFERROR(INDEX(Events!$A:$A,MATCH(C79,Events!$G:$G,0)),"") | E79: =IF(C79="","",IF(MONTH(C79+1)<>MONTH(C79),"",C79+1)) -> 29 | F79: DTG2 | G79: =IF(E79="","",IF(MONTH(E79+1)<>MONTH(E79),"",E79+1)) -> 30 | H79: DTG1 | I79: 1 | J79: W1 | R79: week 13 (cont)
C80: =IFERROR(INDEX(Events!$A:$A,MATCH(C79,Events!$H:$H,0)),"") | E80: Daily Tracker | G80: =IFERROR(INDEX(Events!$A:$A,MATCH(G79,Events!$H:$H,0)),"") | I80: Final Load | J80: =IFERROR(INDEX(Events!A:A,MATCH(I80,Events!G:G,0)),"")
C81: =IFERROR(INDEX(Events!$A:$A,MATCH(C79,Events!$I:$I,0)),"") | E81: EPM Dashboard | G81: EPM Dashboard | I81: EPM Dashboard
C82: =IFERROR(INDEX(Events!$A:$A,MATCH(C79,Events!$J:$J,0)),"") | E82: Daily Load report | G82: Daily Load report | I82: Blackout
C83: =IF(O79="","",IF(MONTH(O79+1)<>MONTH(O79),"",O79+1)) | D83: =IFERROR(INDEX(Events!$A:$A,MATCH(C83,Events!$G:$G,0)),"") | E83: =IF(C83="","",IF(MONTH(C83+1)<>MONTH(C83),"",C83+1)) | F83: DTG1 | G83: 1 | H83: W1 | R83: week 13 (cont)
C84: =IFERROR(INDEX(Events!$A:$A,MATCH(C83,Events!$H:$H,0)),"") | E84: =IFERROR(INDEX(Events!$A:$A,MATCH(E83,Events!$H:$H,0)),"") | G84: Final Load | H84: =IFERROR(INDEX(Events!#REF!,MATCH(G84,Events!E:E,0)),"") | I84: WW courtesy run
C85: =IFERROR(INDEX(Events!$A:$A,MATCH(C83,Events!$I:$I,0)),"") | E85: EPM Dashboard
C86: Daily Load report | E86: Daily Load report | G86: Blackout

Sheet 3Q26
C1: Quarterly Calendar Template
C2: Year | D2: 2026 | G2: Start Month | H2: 7 | K2: Start Day | L2: 1 | M2: 1:Sun,2:Mon | P2: © 2015 Vertex42 LLC
P3: Quarterly Calendar
C5: 3Q Load Calendar | I5: =D7 -> 46204
C7: Date: | D7: =DATE(2026,7,1) -> 46204
A8: =D7 -> 46204 | C8: Sunday | E8: Monday | G8: Tuesday | I8: Wednesday | K8: Thursday | M8: Friday | O8: Saturday | R8: week
C9: =IF(WEEKDAY($D$7,1)=startday,$D$7,"") | D9: =IFERROR(INDEX(Events!$A:$A,MATCH(C9,Events!$G:$G,0)),"") | E9: =IF(C9="",IF(WEEKDAY($D$7,1)=MOD(startday,7)+1,$D$7,""),C9+1) | F9: =IFERROR(INDEX(Events!$A:$A,MATCH(E9,Events!$G:$G,0)),"") | G9: =IF(E9="",IF(WEEKDAY($D$7,1)=MOD(startday+1,7)+1,$D$7,""),E9+1) | I9: =IF(G9="",IF(WEEKDAY($D$7,1)=MOD(startday+2,7)+1,$D$7,""),G9+1) -> 46204 | J9: W1 | K9: =IF(I9="",IF(WEEKDAY($D$7,1)=MOD(startday+3,7)+1,$D$7,""),I9+1) -> 46205 | L9: W2 | M9: =IF(K9="",IF(WEEKDAY($D$7,1)=MOD(startday+4,7)+1,$D$7,""),K9+1) -> 46206 | N9: W3 | O9: =IF(M9="",IF(WEEKDAY($D$7,1)=MOD(startday+5,7)+1,$D$7,""),M9+1) -> 46207 | R9: week 1
I10: Final Load | J10: =IFERROR(INDEX(Events!#REF!,MATCH(I10,Events!G:G,0)),"") | K10: No WW Load Run | M10: No WW Load Run | O10: =IFERROR(INDEX(Events!$A:$A,MATCH(O8,Events!$H:$H,0)),"") | P10: =IFERROR(INDEX(Events!G:G,MATCH(O10,Events!K:K,0)),"")
C11: =IFERROR(INDEX(Events!$A:$A,MATCH(C9,Events!$H:$H,0)),"") | D11: =IFERROR(INDEX(Events!#REF!,MATCH(C11,Events!A:A,0)),"") | E11: =IFERROR(INDEX(Events!$A:$A,MATCH(E9,Events!$H:$H,0)),"") | F11: =IFERROR(INDEX(Events!#REF!,MATCH(E11,Events!C:C,0)),"") | G11: =IFERROR(INDEX(Events!$A:$A,MATCH(G9,Events!$H:$H,0)),"") | H11: =IFERROR(INDEX(Events!#REF!,MATCH(G11,Events!E:E,0)),"") | I11: WW Load Run | K11: =IFERROR(INDEX(Events!$A:$A,MATCH(K9,Events!$H:$H,0)),"") | L11: =IFERROR(INDEX(Events!C:C,MATCH(K11,Events!I:I,0)),"") | M11: =IFERROR(INDEX(Events!$A:$A,MATCH(M9,Events!$H:$H,0)),"") | N11: =IFERROR(INDEX(Events!E:E,MATCH(M11,Events!#REF!,0)),"") | O11: =IFERROR(INDEX(Events!$A:$A,MATCH(O9,Events!$H:$H,0)),"") | P11: =IFERROR(INDEX(Events!G:G,MATCH(O11,Events!K:K,0)),"")
C12: =IFERROR(INDEX(Events!$A:$A,MATCH(C9,Events!$I:$I,0)),"") | E12: =IFERROR(INDEX(Events!$A:$A,MATCH(E9,Events!$I:$I,0)),"") | G12: =IFERROR(INDEX(Events!$A:$A,MATCH(G9,Events!$I:$I,0)),"") | K12: =IFERROR(INDEX(Events!$A:$A,MATCH(K9,Events!$I:$I,0)),"") | M12: =IFERROR(INDEX(Events!$A:$A,MATCH(M9,Events!$I:$I,0)),"") | O12: =IFERROR(INDEX(Events!$A:$A,MATCH(O9,Events!$I:$I,0)),"")
C13: =IFERROR(INDEX(Events!$A:$A,MATCH(C9,Events!$J:$J,0)),"") | E13: =IFERROR(INDEX(Events!$A:$A,MATCH(E9,Events!$J:$J,0)),"") | G13: =IFERROR(INDEX(Events!$A:$A,MATCH(G9,Events!$J:$J,0)),"") | I13: Blackout | K13: =IFERROR(INDEX(Events!$A:$A,MATCH(K9,Events!$J:$J,0)),"") | M13: =IFERROR(INDEX(Events!$A:$A,MATCH(M9,Events!$J:$J,0)),"") | O13: =IFERROR(INDEX(Events!$A:$A,MATCH(O9,Events!$J:$J,0)),"")
C14: =IF(O9="","",IF(MONTH(O9+1)<>MONTH(O9),"",O9+1)) -> 46208 | D14: =IFERROR(INDEX(Events!$A:$A,MATCH(C14,Events!$G:$G,0)),"") | E14: =IF(C14="","",IF(MONTH(C14+1)<>MONTH(C14),"",C14+1)) -> 46209 | F14: W4 | G14: =IF(E14="","",IF(MONTH(E14+1)<>MONTH(E14),"",E14+1)) -> 46210 | H14: W5 | I14: =IF(G14="","",IF(MONTH(G14+1)<>MONTH(G14),"",G14+1)) -> 46211 | J14: W6 | K14: =IF(I14="","",IF(MONTH(I14+1)<>MONTH(I14),"",I14+1)) -> 46212 | L14: W7 | M14: =IF(K14="","",IF(MONTH(K14+1)<>MONTH(K14),"",K14+1)) -> 46213 | N14: W8 | O14: =IF(M14="","",IF(MONTH(M14+1)<>MONTH(M14),"",M14+1)) -> 46214 | P14: =IFERROR(INDEX(Events!$A:$A,MATCH(O14,Events!$G:$G,0)),"") | R14: week 2
C15: =IFERROR(INDEX(Events!$A:$A,MATCH(C13,Events!$I:$I,0)),"") | E15: No WW Load Run | G15: No WW Load Run | I15: WW Load Run | K15: WW Load Run | M15: WW Load Run | O15: =IFERROR(INDEX(Events!$A:$A,MATCH(O14,Events!$H:$H,0)),"")
C16: =IFERROR(INDEX(Events!$A:$A,MATCH(C14,Events!$I:$I,0)),"") | E16: =IFERROR(INDEX(Events!$A:$A,MATCH(E14,Events!$I:$I,0)),"") | G16: =IFERROR(INDEX(Events!$A:$A,MATCH(G14,Events!$H:$H,0)),"") | H16: =IFERROR(INDEX(Events!#REF!,MATCH(G16,Events!E:E,0)),"") | I16: Roll to next qtr | J16: =IFERROR(INDEX(Events!#REF!,MATCH(I16,Events!G:G,0)),"") | K16: EPM Dashboard | M16: EPM Dashboard | O16: =IFERROR(INDEX(Events!$A:$A,MATCH(O14,Events!$H:$H,0)),"") | P16: =IFERROR(INDEX(Events!G:G,MATCH(O16,Events!K:K,0)),"")
C17: =IFERROR(INDEX(Events!$A:$A,MATCH(C15,Events!$I:$I,0)),"") | E17: =IFERROR(INDEX(Events!$A:$A,MATCH(E15,Events!$I:$I,0)),"") | G17: =IFERROR(INDEX(Events!$A:$A,MATCH(G15,Events!$I:$I,0)),"") | I17: AUR valuation | K17: Daily Load report | M17: Daily Load report | O17: =IFERROR(INDEX(Events!$A:$A,MATCH(O14,Events!$I:$I,0)),"")
C18: =IFERROR(INDEX(Events!$A:$A,MATCH(C14,Events!$J:$J,0)),"") | E18: =IFERROR(INDEX(Events!$A:$A,MATCH(E14,Events!$J:$J,0)),"") | G18: =IFERROR(INDEX(Events!$A:$A,MATCH(G14,Events!$J:$J,0)),"") | I18: =IFERROR(INDEX(Events!$A:$A,MATCH(I14,Events!$J:$J,0)),"") | K18: GTN update | L18: =IFERROR(INDEX([1]Events!C:C,MATCH(K18,[1]Events!#REF!,0)),"") | M18: =IFERROR(INDEX(Events!$A:$A,MATCH(M14,Events!$J:$J,0)),"") | O18: =IFERROR(INDEX(Events!$A:$A,MATCH(O14,Events!$J:$J,0)),"")
C19: =IF(O14="","",IF(MONTH(O14+1)<>MONTH(O14),"",O14+1)) -> 46215 | D19: =IFERROR(INDEX(Events!$A:$A,MATCH(C19,Events!$G:$G,0)),"") | E19: =IF(C19="","",IF(MONTH(C19+1)<>MONTH(C19),"",C19+1)) -> 46216 | F19: =IFERROR(INDEX(Events!$A:$A,MATCH(E19,Events!$G:$G,0)),"") | G19: =IF(E19="","",IF(MONTH(E19+1)<>MONTH(E19),"",E19+1)) -> 46217 | H19: =IFERROR(INDEX(Events!$A:$A,MATCH(G19,Events!$G:$G,0)),"") | I19: =IF(G19="","",IF(MONTH(G19+1)<>MONTH(G19),"",G19+1)) -> 46218 | J19: =IFERROR(INDEX(Events!$A:$A,MATCH(I19,Events!$G:$G,0)),"") | K19: =IF(I19="","",IF(MONTH(I19+1)<>MONTH(I19),"",I19+1)) -> 46219 | L19: =IFERROR(INDEX(Events!$A:$A,MATCH(K19,Events!$G:$G,0)),"") | M19: =IF(K19="","",IF(MONTH(K19+1)<>MONTH(K19),"",K19+1)) -> 46220 | N19: =IFERROR(INDEX(Events!$A:$A,MATCH(M19,Events!$G:$G,0)),"") | O19: =IF(M19="","",IF(MONTH(M19+1)<>MONTH(M19),"",M19+1)) -> 46221 | P19: =IFERROR(INDEX(Events!$A:$A,MATCH(O19,Events!$G:$G,0)),"") | R19: week 3
E20: WW Load Run | G20: WW Load Run | I20: WW Load Run | K20: WW Load Run | M20: WW Load Run | O20: =IFERROR(INDEX(Events!$A:$A,MATCH(O19,Events!$H:$H,0)),"")
E21: EPM Dashboard | G21: EPM Dashboard | I21: EPM Dashboard | K21: EPM Dashboard | M21: EPM Dashboard | O21: =IFERROR(INDEX(Events!$A:$A,MATCH(O19,Events!$H:$H,0)),"") | P21: =IFERROR(INDEX(Events!G:G,MATCH(O21,Events!K:K,0)),"")
E22: Daily Load report | G22: Daily Load report | I22: Daily Load report | K22: Daily Load report | M22: Daily Load report | O22: =IFERROR(INDEX(Events!$A:$A,MATCH(O19,Events!$I:$I,0)),"")
C23: =IFERROR(INDEX(Events!$A:$A,MATCH(C19,Events!$J:$J,0)),"") | E23: =IFERROR(INDEX(Events!$A:$A,MATCH(E19,Events!$J:$J,0)),"") | G23: =IFERROR(INDEX(Events!$A:$A,MATCH(G19,Events!$J:$J,0)),"") | I23: =IFERROR(INDEX(Events!$A:$A,MATCH(I19,Events!$J:$J,0)),"") | K23: =IFERROR(INDEX(Events!$A:$A,MATCH(K19,Events!$J:$J,0)),"") | M23: =IFERROR(INDEX(Events!$A:$A,MATCH(M19,Events!$J:$J,0)),"") | O23: =IFERROR(INDEX(Events!$A:$A,MATCH(O19,Events!$J:$J,0)),"")
C24: =IF(O19="","",IF(MONTH(O19+1)<>MONTH(O19),"",O19+1)) -> 46222 | D24: =IFERROR(INDEX(Events!$A:$A,MATCH(C24,Events!$G:$G,0)),"") | E24: =IF(C24="","",IF(MONTH(C24+1)<>MONTH(C24),"",C24+1)) -> 46223 | F24: =IFERROR(INDEX(Events!$A:$A,MATCH(E24,Events!$G:$G,0)),"") | G24: =IF(E24="","",IF(MONTH(E24+1)<>MONTH(E24),"",E24+1)) -> 46224 | H24: =IFERROR(INDEX(Events!$A:$A,MATCH(G24,Events!$G:$G,0)),"") | I24: =IF(G24="","",IF(MONTH(G24+1)<>MONTH(G24),"",G24+1)) -> 46225 | J24: =IFERROR(INDEX(Events!$A:$A,MATCH(I24,Events!$G:$G,0)),"") | K24: =IF(I24="","",IF(MONTH(I24+1)<>MONTH(I24),"",I24+1)) -> 46226 | L24: =IFERROR(INDEX(Events!$A:$A,MATCH(K24,Events!$G:$G,0)),"") | M24: =IF(K24="","",IF(MONTH(K24+1)<>MONTH(K24),"",K24+1)) -> 46227 | N24: =IFERROR(INDEX(Events!$A:$A,MATCH(M24,Events!$G:$G,0)),"") | O24: =IF(M24="","",IF(MONTH(M24+1)<>MONTH(M24),"",M24+1)) -> 46228 | P24: =IFERROR(INDEX(Events!$A:$A,MATCH(O24,Events!$G:$G,0)),"") | R24: week 4
E25: WW Load Run | G25: WW Load Run | I25: WW Load Run | K25: WW Load Run | M25: WW Load Run | O25: =IFERROR(INDEX(Events!$A:$A,MATCH(O24,Events!$H:$H,0)),"")
E26: EPM Dashboard | G26: EPM Dashboard | I26: EPM Dashboard | K26: EPM Dashboard | M26: EPM Dashboard | O26: =IFERROR(INDEX(Events!$A:$A,MATCH(O24,Events!$H:$H,0)),"") | P26: =IFERROR(INDEX(Events!G:G,MATCH(O26,Events!K:K,0)),"")
E27: Daily Load report | G27: Daily Load report | I27: Daily Load report | K27: Daily Load report | M27: Daily Load report | O27: =IFERROR(INDEX(Events!$A:$A,MATCH(O24,Events!$I:$I,0)),"")
C28: =IFERROR(INDEX(Events!$A:$A,MATCH(C24,Events!$J:$J,0)),"") | E28: =IFERROR(INDEX(Events!$A:$A,MATCH(E24,Events!$J:$J,0)),"") | G28: =IFERROR(INDEX(Events!$A:$A,MATCH(G24,Events!$J:$J,0)),"") | I28: Ceph, Clever, Defend CUT-OFF | K28: =IFERROR(INDEX(Events!$A:$A,MATCH(K24,Events!$J:$J,0)),"") | M28: =IFERROR(INDEX(Events!$A:$A,MATCH(M24,Events!$J:$J,0)),"") | O28: =IFERROR(INDEX(Events!$A:$A,MATCH(O24,Events!$J:$J,0)),"")
